"","date","national_demand","wind_generation","solar_generation","min_temp","max_temp","rain_mm","wind_speed","average_price_daily"
"1",2020-06-01,27193,1007,1490,11,22,0,14,2.81
"2",2020-06-02,27255,796,1170,10,22,0,9,3.434
"3",2020-06-03,27369,2284,394,6,15,5.1,16,2.011
"4",2020-06-04,28676,1501,577,9,15,2.9,16,3.066
"5",2020-06-05,25246,3954,1280,7,14,1.3,26,1.516
"6",2020-06-06,25723,2070,981,7,14,3.2,25,0.525
"7",2020-06-07,25966,1740,955,8,14,0.9,15,2.547
"8",2020-06-08,28818,546,1100,8,15,0,10,3.425
"9",2020-06-09,29231,686,789,10,16,0.1,7,2.827
"10",2020-06-10,30220,1350,528,11,16,1.1,7,2.598
"11",2020-06-11,27783,3136,461,8,15,2.1,24,3.087
"12",2020-06-12,27830,2270,654,12,17,3.8,22,3.213
"13",2020-06-13,25437,996,966,14,22,0.2,15,3.214
"14",2020-06-14,25837,596,1370,13,22,4.4,10,3.013
"15",2020-06-15,28177,486,1270,13,22,2.1,3,3.613
"16",2020-06-16,29234,442,1240,13,22,9,5,2.677
"17",2020-06-17,29544,485,671,14,22,6.8,8,2.918
"18",2020-06-18,29115,1044,735,13,16,23,9,3.347
"19",2020-06-19,27324,1657,1220,11,14,1.7,16,2.963
"20",2020-06-20,23818,1928,1320,12,20,0.8,17,2.968
"21",2020-06-21,23411,2179,1420,12,18,5.9,21,1.156
"22",2020-06-22,26121,2812,1320,10,20,0,17,2.596
"23",2020-06-23,27138,1401,1530,13,24,0,14,3.399
"24",2020-06-24,28205,876,1530,16,27,0,10,3.188
"25",2020-06-25,28066,1623,1430,18,27,0,15,3.173
"26",2020-06-26,27663,1124,1310,17,24,1.4,13,3.173
"27",2020-06-27,23304,3266,1210,12,19,13.9,24,1.861
"28",2020-06-28,22301,4039,913,11,17,1.3,29,-1.691
"29",2020-06-29,26659,3743,694,12,14,0.1,30,2.6
"30",2020-06-30,29445,1111,833,11,16,0.4,15,3.538
"31",2020-07-01,28948,1192,897,13,18,0.8,14,2.554
"32",2020-07-02,29077,950,1010,12,19,2.2,11,3.235
"33",2020-07-03,26473,2868,462,10,15,6.2,21,2.444
"34",2020-07-04,25378,2002,515,16,18,0.1,22,1.949
"35",2020-07-05,23302,4188,1370,12,17,0.2,30,2.559
"36",2020-07-06,27389,2102,1550,11,17,0.1,22,1.988
"37",2020-07-07,30413,1054,407,8,13,8.7,14,2.584
"38",2020-07-08,30831,1100,290,14,18,9.1,10,3.199
"39",2020-07-09,30720,925,504,12,16,3.9,14,2.637
"40",2020-07-10,27248,1573,1370,11,17,0,19,2.724
"41",2020-07-11,25071,1088,1470,10,17,0,15,2.454
"42",2020-07-12,25290,1337,1540,10,21,0,6,2.093
"43",2020-07-13,29082,1890,521,12,19,5.2,15,2.79
"44",2020-07-14,29404,1116,823,13,17,0,15,3.439
"45",2020-07-15,29663,1596,495,13,16,0.2,10,3.05
"46",2020-07-16,28973,1510,985,13,20,0,15,3.193
"47",2020-07-17,28260,1535,1100,14,21,0,13,2.256
"48",2020-07-18,25778,1448,909,14,17,1.6,13,3.011
"49",2020-07-19,24956,1503,1410,11,18,5.3,15,2.393
"50",2020-07-20,28194,1204,1450,10,17,0,12,2.501
"51",2020-07-21,29462,481,951,9,18,0,8,3.326
"52",2020-07-22,28892,1249,1220,12,21,0,10,2.607
"53",2020-07-23,28652,1367,789,12,18,0,15,3.174
"54",2020-07-24,27924,1479,628,13,22,0.9,10,3.992
"55",2020-07-25,25799,1305,733,15,21,2.9,18,3.679
"56",2020-07-26,24813,1950,711,13,19,0,20,2.759
"57",2020-07-27,26995,3545,937,13,20,8.8,24,2.44
"58",2020-07-28,25903,2499,1160,11,16,0,20,2.278
"59",2020-07-29,28736,722,970,11,18,0,12,2.297
"60",2020-07-30,29084,1114,1280,13,24,0,8,3.895
"61",2020-07-31,27967,1718,485,17,30,0.2,15,3.653
"62",2020-08-01,25797,935,951,14,21,1.4,15,2.362
"63",2020-08-02,25462,919,883,12,19,0.4,16,2.739
"64",2020-08-03,28933,762,1140,12,19,0.4,11,2.833
"65",2020-08-04,27194,2668,600,10,19,0,15,2.961
"66",2020-08-05,29094,1518,556,16,22,0,23,2.464
"67",2020-08-06,30277,1115,884,17,24,0.1,14,3.843
"68",2020-08-07,29629,952,623,17,29,0,9,3.584
"69",2020-08-08,26181,1114,1030,17,25,0,15,3.156
"70",2020-08-09,26901,1116,843,16,26,0.2,18,4.028
"71",2020-08-10,31158,852,730,16,28,1.3,12,4.392
"72",2020-08-11,31813,526,784,19,30,1,11,4.979
"73",2020-08-12,32180,670,498,20,31,4,8,2.623
"74",2020-08-13,31022,1149,346,16,24,3.7,12,3.999
"75",2020-08-14,29894,711,304,17,24,1,17,4.019
"76",2020-08-15,27806,775,129,16,20,7,17,4.296
"77",2020-08-16,28167,732,223,15,20,18,15,4.112
"78",2020-08-17,30815,637,486,16,22,6.5,9,4.612
"79",2020-08-18,30789,752,586,16,21,1.8,14,3.478
"80",2020-08-19,30730,2004,127,13,18,17.1,15,4.391
"81",2020-08-20,28635,2124,492,15,21,0.4,21,3.618
"82",2020-08-21,26640,3184,296,16,20,1.4,32,4.058
"83",2020-08-22,25075,1951,370,15,20,0.2,27,2.967
"84",2020-08-23,27427,1060,316,13,18,1.8,16,2.49
"85",2020-08-24,31258,350,278,12,20,0.2,9,2.085
"86",2020-08-25,29160,3263,175,14,19,17.7,32,3.201
"87",2020-08-26,30794,584,347,14,19,0,23,4.05
"88",2020-08-27,32238,875,122,13,17,10.7,9,4.398
"89",2020-08-28,28626,2488,125,10,15,20,13,3.463
"90",2020-08-29,27227,2101,162,9,14,0.6,19,4.242
"91",2020-08-30,28263,506,258,9,14,0,12,3.612
"92",2020-08-31,28833,528,238,10,16,0,6,3.509
"93",2020-09-01,31335,941,196,12,18,0,5,4.029
"94",2020-09-02,30991,2379,36,12,18,13.1,14,4.479
"95",2020-09-03,30353,1957,137,14,19,4,20,4.077
"96",2020-09-04,29670,1959,69,12,16,0,16,3.961
"97",2020-09-05,28055,1197,118,10,15,0.1,17,3.663
"98",2020-09-06,29467,340,100,11,18,1,9,4.339
"99",2020-09-07,31271,2106,37,11,17,0.4,13,3.979
"100",2020-09-08,31964,1724,57,15,22,0,12,4.447
"101",2020-09-09,31261,1244,96,12,18,0,15,3.361
"102",2020-09-10,32469,1064,28,9,15,0,7,4.884
"103",2020-09-11,30636,1886,32,10,16,0,16,3.871
"104",2020-09-12,28060,1557,42,12,17,0,15,1.462
"105",2020-09-13,28241,1809,38,13,22,0,15,3.32
"106",2020-09-14,32811,515,15,14,26,0,8,5.872
"107",2020-09-15,33568,396,17,14,25,0,7,11.265
"108",2020-09-16,32904,1311,9,14,22,0.1,13,4.412
"109",2020-09-17,32867,978,14,11,19,0,16,3.43
"110",2020-09-18,31239,1411,7,10,18,0,18,2.759
"111",2020-09-19,28864,1483,3,11,19,0,23,3.361
"112",2020-09-20,30830,796,4,12,20,0,17,3.528
"113",2020-09-21,34260,577,3,10,22,0,4,3.102
"114",2020-09-22,33847,2149,1,12,21,0,13,3.892
"115",2020-09-23,34876,808,1,8,15,5,13,4.668
"116",2020-09-24,35277,891,2,8,12,2,16,5.236
"117",2020-09-25,31832,3013,2,8,12,0,23,3.788
"118",2020-09-26,31100,2288,0,6,11,0,23,4.266
"119",2020-09-27,33767,870,0,7,13,0,17,3.33
"120",2020-09-28,37185,719,1,5,18,0,8,5.946
"121",2020-09-29,36505,612,2,10,16,0.1,8,5.557
"122",2020-09-30,36468,1528,0,7,13,10.2,17,5.357
"123",2020-10-01,36902,423,1,9,13,0.1,11,3.682
"124",2020-10-02,35319,1704,0,8,14,12.5,22,4.048
"125",2020-10-03,33482,1629,0,10,13,29.7,21,5.181
"126",2020-10-04,34723,1137,1,9,12,19.5,17,4.139
"127",2020-10-05,37575,1329,3,9,15,1.4,17,4.835
"128",2020-10-06,36772,1806,76,10,14,3.1,20,4.383
"129",2020-10-07,38007,1017,35,9,14,3.8,19,4.157
"130",2020-10-08,37160,1025,62,9,15,9.3,18,5.406
"131",2020-10-09,36088,1960,49,7,11,0,16,4.248
"132",2020-10-10,33990,1814,48,7,12,1.6,21,4.594
"133",2020-10-11,35366,681,40,7,13,0,13,4.39
"134",2020-10-12,38299,1609,1,4,9,7.9,11,4.4
"135",2020-10-13,37494,2145,0,7,12,0,13,4.919
"136",2020-10-14,38466,1328,1,8,14,0.8,17,5.021
"137",2020-10-15,38692,839,1,6,11,0,13,4.755
"138",2020-10-16,37328,624,0,6,11,0,11,4.58
"139",2020-10-17,35548,597,1,7,11,0,8,4.677
"140",2020-10-18,36302,423,0,8,10,0.1,5,5.221
"141",2020-10-19,37158,2367,0,7,12,0.3,17,4.09
"142",2020-10-20,37083,1981,0,11,16,1.1,23,4.727
"143",2020-10-21,38403,1253,0,11,15,11,12,4.309
"144",2020-10-22,38299,804,1,7,13,0,14,3.756
"145",2020-10-23,36926,1274,0,7,12,2.5,13,4.961
"146",2020-10-24,33482,2102,0,7,14,11.2,28,3.982
"147",2020-10-25,35551,2304,1,7,11,0.1,21,2.311
"148",2020-10-26,37143,1959,0,7,11,0.7,21,3.366
"149",2020-10-27,37439,2196,0,7,12,3.7,20,4.186
"150",2020-10-28,37980,2225,0,7,10,0.7,23,4.618
"151",2020-10-29,36144,2967,0,7,13,3.4,23,3.464
"152",2020-10-30,36913,858,0,12,15,0.7,23,4.067
"153",2020-10-31,31296,2965,0,9,15,5.9,30,2.964
"154",2020-11-01,32045,3234,0,8,14,1.9,31,0.805
"155",2020-11-02,37228,2450,0,7,17,0.9,35,2.796
"156",2020-11-03,40520,1463,0,5,9,7.9,17,4.681
"157",2020-11-04,40817,790,0,4,10,0,10,2.668
"158",2020-11-05,40147,668,0,5,10,0,4,4.571
"159",2020-11-06,38381,1184,0,3,10,0,9,4.804
"160",2020-11-07,35912,733,0,4,11,0,8,4.788
"161",2020-11-08,35651,696,0,7,11,3.4,7,5.918
"162",2020-11-09,37619,817,0,10,13,5.5,10,6.718
"163",2020-11-10,37491,1432,0,9,13,0.1,9,3.341
"164",2020-11-11,35143,3226,0,9,12,7.7,20,4.001
"165",2020-11-12,36294,2431,0,7,11,0.2,20,3.189
"166",2020-11-13,36372,1784,0,8,10,0.7,19,4.016
"167",2020-11-14,31815,3118,0,8,13,3.2,23,4.207
"168",2020-11-15,34242,2408,0,7,10,2.6,23,1.897
"169",2020-11-16,36779,2454,0,8,11,1.5,24,3.04
"170",2020-11-17,35789,2543,0,11,12,0,24,4.139
"171",2020-11-18,35340,3403,0,7,14,0.2,28,3.426
"172",2020-11-19,40742,792,0,4,9,0.6,19,3.211
"173",2020-11-20,35471,2697,0,3,9,2.9,19,3.687
"174",2020-11-21,33850,2365,0,10,11,0.2,22,2.699
"175",2020-11-22,36427,1286,0,4,10,0,12,2.856
"176",2020-11-23,37381,2639,0,4,9,0,12,3.886
"177",2020-11-24,37300,2040,0,9,11,0.4,23,4.64
"178",2020-11-25,40216,615,0,1,10,6,11,3.757
"179",2020-11-26,41247,381,0,2,6,0,5,5.439
"180",2020-11-27,39631,686,0,2,7,0,6,5.507
"181",2020-11-28,36664,566,0,4,7,2.8,11,5.852
"182",2020-11-29,38127,520,0,6,9,0.2,4,5.697
"183",2020-11-30,38249,2347,0,4,10,0.8,14,3.53
"184",2020-12-01,42475,869,0,3,6,0,10,6.468
"185",2020-12-02,41382,1653,0,3,7,0.2,10,7.124
"186",2020-12-03,43343,907,0,2,5,8.9,12,6.329
"187",2020-12-04,40030,2682,0,1,4,9.5,16,3.626
"188",2020-12-05,39119,748,0,3,4,4.6,16,4.823
"189",2020-12-06,39911,233,0,2,5,2.2,3,9.162
"190",2020-12-07,43902,1184,0,0,4,0,8,12.204
"191",2020-12-08,43331,1369,0,2,4,4.2,13,5.072
"192",2020-12-09,43297,1412,0,3,6,0.5,13,5.913
"193",2020-12-10,41065,2676,0,4,6,3.5,15,3.647
"194",2020-12-11,40449,669,0,6,9,3.1,10,5.34
"195",2020-12-12,38306,690,0,3,7,0.3,14,5.428
"196",2020-12-13,36236,2756,0,2,8,6.2,20,4.35
"197",2020-12-14,40109,1988,0,7,10,0.2,24,5.098
"198",2020-12-15,40922,1654,0,6,8,0,16,4.448
"199",2020-12-16,39897,2427,0,6,8,7.1,21,5.21
"200",2020-12-17,38782,2781,0,6,8,0,18,5.307
"201",2020-12-18,35641,3077,0,10,13,4.5,30,4.228
"202",2020-12-19,33492,2957,0,7,11,4.5,25,4.628
"203",2020-12-20,35687,2279,0,6,8,0,18,5.918
"204",2020-12-21,38278,1675,0,5,12,5.5,20,6.222
"205",2020-12-22,39502,550,0,5,9,2.8,10,4.287
"206",2020-12-23,36093,2771,0,5,8,13.8,21,4.984
"207",2020-12-24,36042,1990,0,1,6,0.5,22,5.41
"208",2020-12-25,30054,1943,0,-1,3,0,13,6.169
"209",2020-12-26,29688,4053,0,3,8,2.4,25,2.452
"210",2020-12-27,36017,1336,0,2,7,9.7,21,5.401
"211",2020-12-28,38115,614,0,0,2,3.3,16,10.701
"212",2020-12-29,38072,1357,0,0,3,2,12,8.015
"213",2020-12-30,39819,579,0,0,3,0,10,8.268
"214",2020-12-31,39503,1000,0,-1,1,0,9,6.946
"215",2021-01-01,36293,1109,0,0,4,0.5,12,6.332
"216",2021-01-02,38809,1172,0,-1,3,1.3,9,6.287
"217",2021-01-03,38512,1541,0,0,3,0.3,14,5.517
"218",2021-01-04,42369,1689,0,1,3,0.1,19,6.302
"219",2021-01-05,42858,1311,0,0,2,0,17,6.874
"220",2021-01-06,44208,629,0,-1,2,0,12,8.943
"221",2021-01-07,44599,859,0,-2,2,0,9,17.147
"222",2021-01-08,42925,626,0,-3,1,0.4,12,25.302
"223",2021-01-09,40216,1305,0,0,2,0,7,7.227
"224",2021-01-10,39248,1798,0,0,4,0,11,6.286
"225",2021-01-11,39662,2668,0,3,7,2.6,21,5.971
"226",2021-01-12,42655,659,0,1,7,3.1,11,8.794
"227",2021-01-13,41129,1057,0,1,6,9.8,4,9.678
"228",2021-01-14,41691,981,0,2,7,15.6,11,4.325
"229",2021-01-15,41883,1459,0,0,3,0,7,7.223
"230",2021-01-16,37141,2246,0,1,7,7,20,5.645
"231",2021-01-17,37986,1866,0,3,5,0,15,4.798
"232",2021-01-18,40123,1823,0,2,6,3.1,17,5.638
"233",2021-01-19,39016,2134,0,5,10,10.4,29,5.993
"234",2021-01-20,39081,2022,0,4,10,14.6,30,9.551
"235",2021-01-21,40442,2170,0,3,6,1.3,26,6.695
"236",2021-01-22,39984,930,0,2,5,1.5,14,8.198
"237",2021-01-23,39848,787,0,-1,4,0,8,8.046
"238",2021-01-24,40685,975,0,-1,2,6.1,11,5.685
"239",2021-01-25,42625,1292,0,-3,3,0,15,6.105
"240",2021-01-26,42850,1299,0,-2,3,2.8,13,8.129
"241",2021-01-27,41443,633,0,4,7,3.3,8,7.392
"242",2021-01-28,39720,1432,0,6,11,15.2,16,6.783
"243",2021-01-29,38678,1145,0,6,9,0.4,16,5.983
"244",2021-01-30,37173,1983,0,0,5,10.3,26,4.061
"245",2021-01-31,39851,1403,0,0,2,0.4,15,4.135
"246",2021-02-01,42359,916,0,1,4,0.4,12,10.064
"247",2021-02-02,39696,2843,0,2,10,10.9,20,5.953
"248",2021-02-03,40387,2151,0,5,8,0.1,12,6.595
"249",2021-02-04,40474,1837,0,4,8,5.3,10,6.548
"250",2021-02-05,39117,1705,0,4,8,1.6,8,5.239
"251",2021-02-06,36698,2886,0,2,5,3.8,13,5.338
"252",2021-02-07,38382,2996,0,-1,2,1.7,29,2.827
"253",2021-02-08,43433,2338,0,-2,0,1.1,27,6.462
"254",2021-02-09,44196,1938,0,-3,0,0,17,5.043
"255",2021-02-10,44873,940,0,-3,0,0,14,8.141
"256",2021-02-11,44760,1927,0,-4,-1,0,18,6.498
"257",2021-02-12,42748,2782,0,-4,-1,0,23,5.988
"258",2021-02-13,40559,3150,0,-4,-1,0,25,6.049
"259",2021-02-14,38260,3297,0,0,5,1.9,25,6.433
"260",2021-02-15,39927,1803,0,6,11,0,15,6.085
"261",2021-02-16,39306,1966,0,6,10,3.5,22,3.652
"262",2021-02-17,38485,2808,0,6,10,7.8,22,3.426
"263",2021-02-18,37976,2596,0,5,9,3.7,26,3.699
"264",2021-02-19,35186,3682,0,4,9,1.2,26,3.87
"265",2021-02-20,31984,3680,0,8,11,4.4,31,4.463
"266",2021-02-21,35750,1183,0,5,9,0.8,10,3.593
"267",2021-02-22,38716,1326,0,5,9,4.2,6,5.12
"268",2021-02-23,35265,3802,0,5,11,0,24,3.712
"269",2021-02-24,36264,2285,0,10,13,0,29,3.377
"270",2021-02-25,38544,1176,0,5,10,0,11,4.001
"271",2021-02-26,38080,826,0,2,10,0,6,4.267
"272",2021-02-27,35996,322,0,3,11,0,6,5.594
"273",2021-02-28,36778,625,0,2,12,0,6,4.62
"274",2021-03-01,39755,818,0,2,8,0,12,6.197
"275",2021-03-02,40444,234,0,2,9,0,9,7.514
"276",2021-03-03,41078,337,0,3,9,4.7,5,12.155
"277",2021-03-04,40646,1029,0,2,6,0.9,14,6.609
"278",2021-03-05,40436,420,0,1,5,0,11,5.111
"279",2021-03-06,38127,431,0,0,6,0,4,5.946
"280",2021-03-07,38014,503,0,0,8,0,8,7.999
"281",2021-03-08,40794,930,0,1,10,0,8,5.011
"282",2021-03-09,38876,2497,0,2,10,0,15,5.292
"283",2021-03-10,37138,3914,0,4,9,8.5,29,5.83
"284",2021-03-11,36619,3528,0,4,9,1.7,36,3.464
"285",2021-03-12,36164,2610,0,4,8,4.2,27,5.3
"286",2021-03-13,35107,2528,0,4,7,4.2,31,7.056
"287",2021-03-14,35579,2382,0,4,9,3.7,26,2.951
"288",2021-03-15,40163,609,0,6,10,0.2,20,4.378
"289",2021-03-16,37765,2280,0,6,12,0.9,14,4.139
"290",2021-03-17,39084,933,0,3,11,0.8,11,5.969
"291",2021-03-18,38797,1780,0,3,11,0,15,5.098
"292",2021-03-19,37290,493,0,6,9,0.3,14,5.331
"293",2021-03-20,35263,1709,0,6,12,0,11,5.306
"294",2021-03-21,36268,567,0,5,11,0,11,5.687
"295",2021-03-22,38383,914,0,4,11,0,6,4.664
"296",2021-03-23,37163,2936,0,5,9,0,14,5.492
"297",2021-03-24,37325,2272,0,5,11,0,13,3.96
"298",2021-03-25,35679,2900,0,4,11,0,20,5.671
"299",2021-03-26,35374,2729,0,3,8,3,27,4.928
"300",2021-03-27,33380,3291,0,3,10,0,25,4.878
"301",2021-03-28,30509,4467,0,7,11,0.8,27,5.078
"302",2021-03-29,31509,2985,109,9,17,0,23,2.898
"303",2021-03-30,32461,1138,59,5,19,0,11,4.421
"304",2021-03-31,32046,1593,82,8,19,0,9,4.772
"305",2021-04-01,32520,1614,78,5,10,0.7,20,6.075
"306",2021-04-02,31155,1372,147,2,12,0,13,4.824
"307",2021-04-03,31154,812,208,2,11,0,10,3.98
"308",2021-04-04,26361,3512,217,2,14,0,14,4.65
"309",2021-04-05,30205,3339,303,1,8,0,25,5.305
"310",2021-04-06,34767,2985,259,-1,5,0.5,17,6.756
"311",2021-04-07,37842,756,106,-1,7,0,12,10.151
"312",2021-04-08,32936,3738,144,2,9,0.1,20,4.808
"313",2021-04-09,34159,1202,191,2,6,0.3,11,6.574
"314",2021-04-10,32539,1084,151,0,7,3.4,11,7.218
"315",2021-04-11,33135,714,431,-1,7,1.1,15,5.862
"316",2021-04-12,35152,470,482,0,8,0,11,29.343
"317",2021-04-13,35809,305,340,-1,10,0,5,8.601
"318",2021-04-14,34580,510,462,1,11,0.1,8,7.255
"319",2021-04-15,34897,826,513,0,9,0,10,6.75
"320",2021-04-16,33421,785,424,1,10,0,8,7.818
"321",2021-04-17,30327,893,656,3,13,0,6,6.839
"322",2021-04-18,31571,556,509,2,13,0,8,4.828
"323",2021-04-19,33099,631,546,2,13,0,7,5.166
"324",2021-04-20,33985,708,380,5,13,0.2,7,5.465
"325",2021-04-21,33755,1162,599,4,11,0,13,6.745
"326",2021-04-22,32883,668,805,0,14,0,7,6.535
"327",2021-04-23,30816,971,702,3,14,0,10,6.432
"328",2021-04-24,27881,1448,809,3,13,0,14,5.831
"329",2021-04-25,29697,1346,805,3,13,0,13,4.692
"330",2021-04-26,32459,1309,611,3,13,0,7,5.189
"331",2021-04-27,34500,1812,339,4,10,1.1,8,6.998
"332",2021-04-28,34488,1660,403,3,10,1.7,18,7.446
"333",2021-04-29,34360,889,579,2,9,1.3,10,8.588
"334",2021-04-30,32896,481,644,1,11,1.8,7,8.216
"335",2021-05-01,30695,376,692,2,12,2.7,7,7.495
"336",2021-05-02,28958,713,600,2,13,0.1,7,8.455
"337",2021-05-03,31869,4015,243,5,10,10.3,24,6.949
"338",2021-05-04,33305,2995,730,4,9,2.6,24,5.477
"339",2021-05-05,34060,1270,976,1,8,3,12,8.304
"340",2021-05-06,33309,1552,982,1,9,1.3,15,7.94
"341",2021-05-07,32241,557,922,3,11,0,12,7.66
"342",2021-05-08,29376,2554,259,4,12,18.9,20,8.559
"343",2021-05-09,29546,2114,590,9,15,1.3,23,6.576
"344",2021-05-10,30077,2656,1030,7,14,2.1,19,6.188
"345",2021-05-11,32186,1021,723,6,13,4.2,13,5.407
"346",2021-05-12,33056,529,696,7,13,0.6,14,6.969
"347",2021-05-13,32661,918,400,8,14,3,15,8.308
"348",2021-05-14,32215,449,539,6,11,0.3,11,10.751
"349",2021-05-15,29297,882,795,4,11,3,9,9.862
"350",2021-05-16,30630,760,527,6,12,7.9,8,8.919
"351",2021-05-17,32772,982,988,7,13,6.7,13,9.673
"352",2021-05-18,33117,680,934,6,14,5.1,13,6.974
"353",2021-05-19,32184,695,1150,6,14,3,12,7.893
"354",2021-05-20,31771,4058,317,6,13,5.9,21,7.118
"355",2021-05-21,31188,3875,372,7,10,10,29,6.573
"356",2021-05-22,29764,974,999,5,11,1.2,14,8.658
"357",2021-05-23,29444,3237,344,5,11,10.9,21,5.893
"358",2021-05-24,32903,1779,1230,5,11,8.2,14,6.874
"359",2021-05-25,33280,1176,969,5,12,0.9,17,9.376
"360",2021-05-26,33168,907,1010,6,14,0.6,13,8.633
"361",2021-05-27,31374,570,1290,7,18,0,5,5.882
"362",2021-05-28,30489,417,668,10,14,2.6,4,7.156
"363",2021-05-29,27311,536,1130,11,19,0,6,6.485
"364",2021-05-30,25528,962,1530,9,19,0,9,6.102
"365",2021-05-31,27119,1364,1470,8,20,0,11,6.757
"366",2021-06-01,29758,1327,1420,11,22,0,14,6.575
"367",2021-06-02,29961,1728,759,12,23,0.8,15,8.282
"368",2021-06-03,30460,1384,1050,14,21,0.1,11,5.428
"369",2021-06-04,29232,743,1430,12,20,0,8,6.638
"370",2021-06-05,26812,781,811,10,20,0,8,5.452
"371",2021-06-06,27366,421,1460,11,16,1.2,5,4.603
"372",2021-06-07,30688,1032,1550,12,20,0,9,4.685
"373",2021-06-08,30411,1222,1490,10,20,0,10,7.548
"374",2021-06-09,30406,1915,1020,12,21,0,11,7.547
"375",2021-06-10,29970,2553,888,13,20,0.1,13,7.8
"376",2021-06-11,28825,2057,995,14,21,0.1,15,7.837
"377",2021-06-12,25534,1137,1620,12,20,0,11,8.512
"378",2021-06-13,26774,1594,1440,11,25,0,6,6.616
"379",2021-06-14,29950,2002,943,13,22,0,13,8.441
"380",2021-06-15,29598,2023,1600,10,22,0,7,8.066
"381",2021-06-16,31583,836,1260,13,24,0.1,9,8.478
"382",2021-06-17,31339,914,884,12,17,14,13,9.211
"383",2021-06-18,30087,1257,420,11,14,12.2,12,8.964
"384",2021-06-19,27765,1051,677,11,18,3.9,11,9.39
"385",2021-06-20,29082,955,670,8,13,3.9,15,6.572
"386",2021-06-21,32251,1562,563,10,14,0.5,17,6.618
"387",2021-06-22,30751,1121,1530,10,16,0,12,5.769
"388",2021-06-23,30632,650,1210,8,21,0,8,9.262
"389",2021-06-24,31056,1512,751,12,18,3.1,8,9.202
"390",2021-06-25,28824,1834,817,12,19,2.4,11,8.359
"391",2021-06-26,26444,920,1370,10,16,1.9,15,8.597
"392",2021-06-27,28325,1177,626,10,19,0,17,7.909
"393",2021-06-28,32083,548,568,13,15,6.4,14,12.572
"394",2021-06-29,30712,906,1080,12,19,0.7,14,7.553
"395",2021-06-30,30639,835,1180,11,20,0,10,8.265
"396",2021-07-01,30682,546,1300,13,20,0,6,9.529
"397",2021-07-02,29609,572,1100,14,23,0,7,9.713
"398",2021-07-03,27800,948,870,14,19,1.6,9,9.556
"399",2021-07-04,28129,1007,1070,13,18,10.5,11,7.375
"400",2021-07-05,31514,980,450,12,19,6.2,17,8.645
"401",2021-07-06,30489,1828,741,12,16,9,23,9.307
"402",2021-07-07,30516,892,1190,13,19,5.3,16,8.88
"403",2021-07-08,30579,500,1210,13,20,0.7,7,10.965
"404",2021-07-09,30171,385,730,14,21,0.1,6,11.127
"405",2021-07-10,27619,309,1040,13,18,0.8,6,10.396
"406",2021-07-11,28177,670,453,13,19,8,12,10.523
"407",2021-07-12,31088,563,862,14,20,7.5,7,9.06
"408",2021-07-13,30369,867,1350,13,21,0.3,8,9.816
"409",2021-07-14,30063,1463,1500,13,21,0,15,8.78
"410",2021-07-15,30394,906,1360,14,20,0,16,8.688
"411",2021-07-16,28778,1033,1470,13,24,0,9,9.382
"412",2021-07-17,26895,1160,1500,15,28,0,8,8.188
"413",2021-07-18,27719,504,1390,16,26,0,10,11.016
"414",2021-07-19,31317,515,1410,15,24,0,7,11.706
"415",2021-07-20,31256,465,1220,16,27,0,6,11.627
"416",2021-07-21,30997,429,1310,16,28,0,8,11.143
"417",2021-07-22,31032,502,1150,17,28,0,8,12.107
"418",2021-07-23,28784,1297,1050,16,24,0,16,9.203
"419",2021-07-24,26498,760,900,15,18,3.3,17,6.199
"420",2021-07-25,26687,588,832,13,22,0.3,9,7.999
"421",2021-07-26,30265,651,872,15,24,0.5,9,8.306
"422",2021-07-27,30013,678,657,13,21,1.7,8,9.179
"423",2021-07-28,28644,1924,939,12,19,4.3,19,10.252
"424",2021-07-29,28665,1368,849,11,19,1.3,22,5.742
"425",2021-07-30,29109,1480,537,13,17,32.4,14,9.67
"426",2021-07-31,26945,847,704,13,19,1.5,10,10.412
"427",2021-08-01,27219,644,876,13,18,0.6,9,8.482
"428",2021-08-02,30380,453,704,12,18,1.6,6,7.799
"429",2021-08-03,30168,447,784,11,20,0.6,4,9.144
"430",2021-08-04,29311,884,900,13,22,0,7,10.457
"431",2021-08-05,29896,2575,284,11,17,5.2,16,11.268
"432",2021-08-06,26936,2149,848,13,19,5.5,18,10.798
"433",2021-08-07,26412,1817,482,13,19,1.4,19,8.455
"434",2021-08-08,25461,1906,856,14,19,6.2,21,8.283
"435",2021-08-09,30325,1055,732,13,20,7,18,11.72
"436",2021-08-10,30306,583,881,13,21,0.7,10,9.852
"437",2021-08-11,29608,1459,558,13,21,0,11,10.248
"438",2021-08-12,29339,2363,837,14,22,0,19,11.045
"439",2021-08-13,27050,2600,646,13,21,0,18,10.369
"440",2021-08-14,27359,804,461,14,21,1.1,13,10.458
"441",2021-08-15,27521,1859,455,14,21,0.1,14,11.155
"442",2021-08-16,29688,1356,630,12,18,1,19,10.204
"443",2021-08-17,30938,1739,242,14,16,0.8,13,11.365
"444",2021-08-18,31214,1658,322,14,18,0,13,10.726
"445",2021-08-19,31963,565,377,12,20,5.2,10,13.266
"446",2021-08-20,30888,1137,233,15,22,0,8,12.97
"447",2021-08-21,28502,554,268,15,21,11.4,11,12.058
"448",2021-08-22,28561,519,438,11,18,3.5,13,11.095
"449",2021-08-23,31385,674,479,14,21,0.6,11,11.623
"450",2021-08-24,31841,815,492,12,20,0,10,11.297
"451",2021-08-25,32023,942,312,12,21,0,11,12.185
"452",2021-08-26,30834,1211,400,14,21,0,15,10.818
"453",2021-08-27,30529,627,264,10,19,0,12,10.61
"454",2021-08-28,27836,594,385,11,20,0,10,9.1
"455",2021-08-29,27614,1307,224,12,20,0,12,10.428
"456",2021-08-30,29792,1345,47,11,20,0,14,12.284
"457",2021-08-31,31916,1238,71,11,20,0.1,15,13.506
"458",2021-09-01,32398,1099,105,11,20,0.5,18,13.733
"459",2021-09-02,32125,850,116,11,20,0,16,15.185
"460",2021-09-03,31310,798,123,12,21,0.4,14,15.197
"461",2021-09-04,28815,774,121,10,21,0,12,13.964
"462",2021-09-05,29883,621,120,10,23,0,9,12.291
"463",2021-09-06,33035,521,132,15,27,0,5,11.685
"464",2021-09-07,32036,830,106,15,29,0,9,35.632
"465",2021-09-08,32619,771,44,17,28,0,12,20.077
"466",2021-09-09,32497,570,41,16,23,4.3,9,76.078
"467",2021-09-10,31820,771,15,15,21,3.3,10,16.105
"468",2021-09-11,28263,1471,49,14,19,0.2,10,11.864
"469",2021-09-12,30807,406,7,13,19,1.3,5,11.959
"470",2021-09-13,33227,990,7,12,15,1.2,11,10.354
"471",2021-09-14,33120,411,18,11,20,10.4,7,16.294
"472",2021-09-15,32557,357,10,11,17,0.1,9,21.185
"473",2021-09-16,32669,801,12,12,21,0.2,7,9.882
"474",2021-09-17,31330,994,6,13,20,0,12,13.244
"475",2021-09-18,29811,629,5,12,21,0.1,6,17.706
"476",2021-09-19,30210,561,10,13,17,1.4,6,12.318
"477",2021-09-20,33257,980,5,10,17,0,11,11.478
"478",2021-09-21,32746,1444,3,11,20,0,9,15.081
"479",2021-09-22,32105,2165,5,10,20,0,11,16.41
"480",2021-09-23,33043,1328,5,12,20,0,14,12.872
"481",2021-09-24,31964,1735,3,11,22,0,14,15.48
"482",2021-09-25,30213,983,3,15,21,0,7,18.419
"483",2021-09-26,29883,2581,3,14,22,0,18,10.042
"484",2021-09-27,33036,2157,4,11,17,8.5,21,10.478
"485",2021-09-28,35448,1337,1,9,14,9.7,18,15.542
"486",2021-09-29,34386,1756,4,7,14,0,21,13.81
"487",2021-09-30,34076,2702,1,8,15,8.2,22,16.058
"488",2021-10-01,31820,2641,4,8,15,3.3,19,17.276
"489",2021-10-02,32340,1862,1,9,12,10.4,20,19.627
"490",2021-10-03,31173,2879,3,8,13,0.6,19,10.196
"491",2021-10-04,35997,1363,2,10,14,7.7,17,13.208
"492",2021-10-05,34661,3779,2,9,11,8.3,23,15.94
"493",2021-10-06,36763,1290,3,9,15,0,14,18.773
"494",2021-10-07,35457,2053,1,10,19,0,9,20.08
"495",2021-10-08,34867,1197,1,13,21,0,7,18.51
"496",2021-10-09,31745,557,1,13,17,0.1,5,14.506
"497",2021-10-10,32081,1551,2,10,17,0,13,10.889
"498",2021-10-11,36483,1177,3,9,15,0,14,12.699
"499",2021-10-12,36676,569,2,9,14,0.7,12,14.993
"500",2021-10-13,36590,1326,1,10,15,0.3,7,18.071
"501",2021-10-14,35057,2488,1,9,17,0,15,19.164
"502",2021-10-15,36074,361,2,9,13,0,10,14.444
"503",2021-10-16,33572,858,1,8,14,0,11,15.205
"504",2021-10-17,33714,871,1,11,13,8.6,15,17.261
"505",2021-10-18,36563,2100,0,11,15,2.2,15,17.961
"506",2021-10-19,34944,2900,0,13,17,8.1,21,17.193
"507",2021-10-20,35551,2151,0,9,15,7.9,17,16.587
"508",2021-10-21,37051,2545,2,6,12,0,20,17.314
"509",2021-10-22,36636,586,1,7,13,0,19,18.814
"510",2021-10-23,32313,3024,0,6,12,0,15,16.791
"511",2021-10-24,32532,2549,0,10,14,2.8,20,16.097
"512",2021-10-25,37330,1625,2,8,13,0.6,15,14.394
"513",2021-10-26,34880,3518,0,8,14,0.3,17,13.895
"514",2021-10-27,34394,2894,1,13,17,0,28,20.604
"515",2021-10-28,35335,1920,0,13,16,2.5,27,16.441
"516",2021-10-29,35197,2120,1,9,14,5.7,21,12.189
"517",2021-10-30,32977,1686,0,8,12,7.8,14,12.717
"518",2021-10-31,33408,3065,0,8,13,12.3,25,9.268
"519",2021-11-01,38398,1976,0,6,12,2.7,23,11.587
"520",2021-11-02,39262,538,0,4,10,0.4,9,41.422
"521",2021-11-03,38798,2269,0,5,8,0.9,12,18.309
"522",2021-11-04,40165,1568,0,4,8,0,12,18.933
"523",2021-11-05,37615,1430,0,2,10,0,10,16.919
"524",2021-11-06,31020,3992,0,6,11,0.4,17,11.498
"525",2021-11-07,34179,2268,0,7,11,0,18,13.432
"526",2021-11-08,38622,2445,0,6,11,0,11,19.102
"527",2021-11-09,37600,1724,0,10,13,0,16,15.187
"528",2021-11-10,38865,996,0,9,12,0.4,7,16.064
"529",2021-11-11,37485,2470,0,7,14,0,7,15.84
"530",2021-11-12,35087,2770,0,9,13,0.7,24,15.767
"531",2021-11-13,34317,573,0,8,13,0,17,17.777
"532",2021-11-14,35739,1112,0,8,11,0,8,14.18
"533",2021-11-15,38893,576,0,7,11,0,3,12.303
"534",2021-11-16,38662,2245,0,9,11,0.5,11,16.727
"535",2021-11-17,39170,2023,0,7,11,0,18,14.916
"536",2021-11-18,37302,2849,0,7,14,0,17,12.485
"537",2021-11-19,36658,1722,0,10,14,0,14,17.258
"538",2021-11-20,33649,2226,0,7,12,0,14,19.224
"539",2021-11-21,35905,1921,0,4,7,0,17,18.848
"540",2021-11-22,41871,1096,0,3,7,0,14,15.025
"541",2021-11-23,41122,998,0,2,8,0,7,17.585
"542",2021-11-24,40539,1517,0,5,7,0,7,31.795
"543",2021-11-25,41242,1962,0,1,6,0,14,21.239
"544",2021-11-26,37536,3732,0,1,7,4.1,20,21.991
"545",2021-11-27,36758,3735,0,2,4,5.3,25,23.435
"546",2021-11-28,40435,1607,0,-1,4,2.5,17,25.322
"547",2021-11-29,42454,2937,0,-2,6,0.3,12,25.424
"548",2021-11-30,39780,2676,0,6,11,2.4,23,20.348
"549",2021-12-01,40303,3199,0,2,10,1.3,27,18.765
"550",2021-12-02,43368,1095,0,0,2,0.2,13,27.567
"551",2021-12-03,40079,956,0,1,6,4.7,13,23.247
"552",2021-12-04,35688,3695,0,3,6,3.2,20,16.909
"553",2021-12-05,39573,841,0,2,5,4.3,20,16.382
"554",2021-12-06,41962,2598,0,1,5,4,17,24.157
"555",2021-12-07,41161,4299,0,1,5,9.1,23,21.18
"556",2021-12-08,41468,2402,0,4,5,5,27,20.174
"557",2021-12-09,41745,2358,0,4,7,4.9,16,23.482
"558",2021-12-10,40865,1851,0,3,6,0.1,22,25.426
"559",2021-12-11,36285,2454,0,3,10,1.8,13,23.085
"560",2021-12-12,34444,2971,0,9,11,0.4,15,15.988
"561",2021-12-13,40951,1362,0,8,11,2,16,25.325
"562",2021-12-14,38949,2653,0,7,10,0.5,10,16.238
"563",2021-12-15,39321,1156,0,7,9,0,10,23.214
"564",2021-12-16,40177,538,0,7,12,0,6,21.473
"565",2021-12-17,39590,717,0,4,8,0,5,27.535
"566",2021-12-18,37213,659,0,5,8,0,7,32.247
"567",2021-12-19,38356,805,0,5,6,0,9,30.222
"568",2021-12-20,41480,549,0,3,6,0,11,30.561
"569",2021-12-21,42081,729,0,1,6,0,5,35.106
"570",2021-12-22,41258,1487,0,1,4,4.3,10,44.82
"571",2021-12-23,38561,1397,0,3,10,1.4,14,33.852
"572",2021-12-24,34113,2190,0,5,8,6.5,9,16.46
"573",2021-12-25,27114,3171,0,3,6,11.1,22,13.603
"574",2021-12-26,32516,1501,0,3,5,8.3,16,17.591
"575",2021-12-27,34903,1092,0,4,7,1.1,8,15.102
"576",2021-12-28,35547,999,0,6,9,8.1,18,18.955
"577",2021-12-29,33571,3321,0,7,13,3.5,21,11.789
"578",2021-12-30,34032,2393,0,10,14,0.5,25,8.094
"579",2021-12-31,31884,2043,0,11,13,1,25,7.712
"580",2022-01-01,28892,3377,0,10,14,0.2,14,0.236
"581",2022-01-02,30795,3770,0,8,11,6,24,3.474
"582",2022-01-03,35938,2055,0,4,10,0,20,5.753
"583",2022-01-04,40155,3728,0,1,5,2.1,17,15.11
"584",2022-01-05,42343,941,0,-1,5,0,15,20.441
"585",2022-01-06,40623,3359,0,-2,7,1.7,19,17.148
"586",2022-01-07,41064,1912,0,1,5,0,18,21.443
"587",2022-01-08,36701,2837,0,1,8,6.2,20,18.577
"588",2022-01-09,39144,751,0,3,6,0,14,19.556
"589",2022-01-10,41116,2134,0,3,6,0.8,9,20.688
"590",2022-01-11,41537,1302,0,2,7,2.5,11,17.256
"591",2022-01-12,41958,1699,0,1,6,0,6,16.92
"592",2022-01-13,42556,1416,0,1,6,0,5,14.687
"593",2022-01-14,40488,533,0,1,6,0,5,24.114
"594",2022-01-15,38767,1010,0,0,5,0,7,24.281
"595",2022-01-16,38045,1821,0,3,9,0,9,18.676
"596",2022-01-17,43157,766,0,1,8,0,9,23.205
"597",2022-01-18,41818,2321,0,1,5,0,10,24.826
"598",2022-01-19,40968,2575,0,3,7,0.1,17,18.299
"599",2022-01-20,43821,1128,0,0,3,0,11,19.074
"600",2022-01-21,41863,1508,0,-1,6,0,11,15.716
"601",2022-01-22,38699,972,0,2,6,0,11,18.275
"602",2022-01-23,38984,1401,0,2,6,0,6,17.474
"603",2022-01-24,41994,434,0,1,7,0,6,77.79
"604",2022-01-25,43172,1141,0,1,6,0,5,28.764
"605",2022-01-26,40413,3562,0,1,7,0,11,18.87
"606",2022-01-27,40839,1373,0,4,11,0,19,20.441
"607",2022-01-28,38043,3599,0,4,9,0,13,19.723
"608",2022-01-29,35075,3187,0,5,13,0,25,18.983
"609",2022-01-30,35241,3911,0,2,6,0.4,12,17.672
"610",2022-01-31,40880,2199,0,5,6,0,28,17.9
"611",2022-02-01,38155,3679,0,6,13,0,23,13.423
"612",2022-02-02,39534,2082,0,7,12,0.1,10,16.157
"613",2022-02-03,37755,3510,0,7,11,0.1,20,13.64
"614",2022-02-04,37979,3449,0,3,9,6.7,21,16.887
"615",2022-02-05,34483,4262,0,2,9,2.8,26,13.104
"616",2022-02-06,35181,4250,0,3,9,6.3,33,13.913
"617",2022-02-07,39271,3635,0,2,10,0,17,17.237
"618",2022-02-08,38870,2761,0,8,11,0,22,10.765
"619",2022-02-09,39228,1990,0,5,9,0.9,15,14.747
"620",2022-02-10,40052,3118,0,3,7,0,16,16.744
"621",2022-02-11,38999,2648,0,1,7,0,12,12.647
"622",2022-02-12,34518,3631,0,4,8,1.7,30,12.603
"623",2022-02-13,36096,2081,0,7,8,10.8,26,14.41
"624",2022-02-14,40073,2079,0,3,8,2.9,19,13.824
"625",2022-02-15,40631,2078,0,3,9,7.3,19,16.728
"626",2022-02-16,37079,4661,0,6,13,1.8,30,16.067
"627",2022-02-17,39347,2584,0,4,8,1,29,14.93
"628",2022-02-18,36178,4543,0,3,9,9,35,15.113
"629",2022-02-19,36051,1944,0,2,7,6.9,23,17.968
"630",2022-02-20,34003,4748,0,2,11,7.4,33,18.983
"631",2022-02-21,39282,1733,0,2,8,0.4,35,22.346
"632",2022-02-22,38857,3171,0,5,12,1.2,22,14.1
"633",2022-02-23,38031,4206,0,3,8,0,23,17.318
"634",2022-02-24,39108,3986,0,3,8,3.7,26,22.622
"635",2022-02-25,38515,1945,0,3,9,0.6,18,17.056
"636",2022-02-26,33331,3395,0,2,11,0,19,16.546
"637",2022-02-27,35057,3153,0,2,10,0,18,9.988
"638",2022-02-28,40121,1368,0,6,9,10.3,15,18.805
"639",2022-03-01,40267,1366,0,4,7,0.9,19,22.869
"640",2022-03-02,40269,2714,0,5,7,3.6,14,26.269
"641",2022-03-03,40104,803,0,5,10,6.2,13,31.872
"642",2022-03-04,38550,1186,0,4,6,4.1,12,34.962
"643",2022-03-05,35898,1542,0,2,7,0.2,13,31.613
"644",2022-03-06,38015,1114,0,2,9,0.6,16,30.469
"645",2022-03-07,40380,2810,0,1,8,0,16,34.856
"646",2022-03-08,38897,3363,0,0,10,0,21,34.746
"647",2022-03-09,37812,2487,0,5,11,0.3,24,27.832
"648",2022-03-10,37715,2267,0,8,13,0.5,22,24.945
"649",2022-03-11,35519,3229,0,7,11,5.2,24,19.29
"650",2022-03-12,33758,2909,0,5,11,0.6,22,15.959
"651",2022-03-13,35142,2304,0,6,10,0.6,26,23.43
"652",2022-03-14,38931,1349,0,3,13,0,11,22.033
"653",2022-03-15,38507,1687,0,1,12,0,7,20.62
"654",2022-03-16,39700,1165,0,4,10,9.2,12,23.772
"655",2022-03-17,38125,1875,0,2,12,0,11,20.298
"656",2022-03-18,35880,1940,0,4,13,0,10,18.655
"657",2022-03-19,32206,3056,0,4,15,0,18,7.118
"658",2022-03-20,35597,972,0,2,8,0,12,13.727
"659",2022-03-21,38585,1045,0,0,11,0,7,22.532
"660",2022-03-22,36927,1208,0,6,16,0.6,11,21.662
"661",2022-03-23,37140,411,0,5,17,0,8,22.607
"662",2022-03-24,36519,342,0,6,16,0,6,22.904
"663",2022-03-25,34745,515,0,6,16,0,3,21.127
"664",2022-03-26,32054,764,0,4,17,0,7,19.491
"665",2022-03-27,31761,476,0,4,12,0.1,9,17.104
"666",2022-03-28,35274,324,39,6,16,0,5,21.219
"667",2022-03-29,36079,891,22,5,10,0,9,25.426
"668",2022-03-30,37071,1945,30,1,8,1,11,23.779
"669",2022-03-31,36508,2218,116,-1,7,0.5,20,24.559
"670",2022-04-01,35609,963,156,0,9,0.8,19,26.725
"671",2022-04-02,33535,472,158,-2,7,1.2,10,24.611
"672",2022-04-03,31611,2565,180,-2,9,0.5,11,20.303
"673",2022-04-04,34089,2586,46,4,11,5.3,22,17.924
"674",2022-04-05,33360,3370,97,9,12,0.4,24,20.038
"675",2022-04-06,32758,3409,124,7,11,4.5,30,20.463
"676",2022-04-07,34441,2542,228,4,9,2.9,28,21.208
"677",2022-04-08,33482,1904,236,1,10,0.7,14,21.139
"678",2022-04-09,31452,754,300,1,9,0.7,16,21.803
"679",2022-04-10,31098,1012,178,0,11,0,7,18.165
"680",2022-04-11,32387,2962,152,4,13,0.9,20,15.889
"681",2022-04-12,34389,1064,123,8,15,7,13,20.888
"682",2022-04-13,32800,902,321,8,15,3.8,10,19.392
"683",2022-04-14,31687,584,348,7,17,0.2,6,16.067
"684",2022-04-15,28337,1156,381,9,19,0,7,13.346
"685",2022-04-16,26784,1439,443,8,17,0,11,11.226
"686",2022-04-17,25656,1661,359,8,18,0,14,9.844
"687",2022-04-18,28668,933,588,6,13,0.2,12,12.949
"688",2022-04-19,31882,664,334,4,13,1.8,12,12.113
"689",2022-04-20,31368,1177,562,5,14,0,16,15.525
"690",2022-04-21,29863,2052,715,5,13,0,18,14.307
"691",2022-04-22,28515,2624,581,6,14,0.1,24,14.994
"692",2022-04-23,25972,2718,611,6,12,0.5,25,16.352
"693",2022-04-24,27705,1867,786,5,12,0,21,13.913
"694",2022-04-25,32001,915,697,4,12,0.4,14,22.217
"695",2022-04-26,32181,922,569,4,13,0.2,10,15.775
"696",2022-04-27,33360,845,459,2,10,0,13,16.497
"697",2022-04-28,33315,438,529,2,13,0,12,17.884
"698",2022-04-29,30907,536,785,5,14,0,8,14.747
"699",2022-04-30,27957,1149,510,4,16,0.1,6,9.856
"700",2022-05-01,28795,356,183,8,10,3.7,8,11.468
"701",2022-05-02,30510,527,195,8,15,0.4,4,16.846
"702",2022-05-03,32563,518,455,8,15,1.5,7,19.447
"703",2022-05-04,31162,1523,796,9,16,3.7,11,15.831
"704",2022-05-05,31316,1053,915,8,17,0.1,10,12.779
"705",2022-05-06,30099,1345,379,9,18,4.1,13,12.289
"706",2022-05-07,26684,698,720,9,17,0.6,12,17.6
"707",2022-05-08,26691,1288,975,7,17,0,9,13.915
"708",2022-05-09,29165,3357,437,8,18,0,15,7.948
"709",2022-05-10,28509,2840,941,11,17,0,21,6.777
"710",2022-05-11,28946,2316,1229,8,15,11.3,19,5.395
"711",2022-05-12,29017,2896,625,6,16,0.2,15,7.462
"712",2022-05-13,26550,2868,1185,9,19,0,21,8.594
"713",2022-05-14,25088,517,1161,8,21,0.2,7,10.782
"714",2022-05-15,26949,2173,352,11,15,11.7,15,11.333
"715",2022-05-16,29994,1309,846,11,19,6.5,15,14.059
"716",2022-05-17,29966,2409,574,10,21,2.3,14,13.661
"717",2022-05-18,30451,1929,440,11,21,3.7,15,7.86
"718",2022-05-19,29096,1535,1200,10,19,0,11,12.067
"719",2022-05-20,27888,2140,825,10,15,3.3,16,8.583
"720",2022-05-21,25305,1235,1361,9,17,0.3,14,12.817
"721",2022-05-22,26618,1866,898,9,20,0.4,9,12.297
"722",2022-05-23,29565,1172,750,9,15,7.8,9,14.301
"723",2022-05-24,29419,1461,1244,8,15,0.6,15,12.142
"724",2022-05-25,28228,3299,1002,8,17,0.4,18,10.367
"725",2022-05-26,27894,3716,790,9,16,0.6,18,10.812
"726",2022-05-27,25992,2772,1421,7,16,0,18,12.47
"727",2022-05-28,25249,1338,1413,7,17,0,11,16.263
"728",2022-05-29,25732,1038,1044,7,12,0.5,10,16.15
"729",2022-05-30,29705,589,836,5,13,3,10,16.868
"730",2022-05-31,29182,779,1386,7,14,4.6,8,13.227
"731",2022-06-01,28385,399,1430,6,17,0.6,8,15.142
"732",2022-06-02,25987,571,1279,7,18,0.1,8,16.429
"733",2022-06-03,24888,1829,983,9,17,3.4,12,12.369
"734",2022-06-04,23875,1954,1474,8,17,4.6,22,11.29
"735",2022-06-05,27991,1079,277,8,11,20.1,17,16.082
"736",2022-06-06,30673,644,930,8,12,0.6,8,14.655
"737",2022-06-07,29899,809,1071,10,19,0.5,7,16.306
"738",2022-06-08,28900,1637,1364,11,19,1.4,17,14.403
"739",2022-06-09,29163,2241,771,10,17,0.5,15,8.054
"740",2022-06-10,25363,3494,1565,12,20,0,18,2.649
"741",2022-06-11,22528,3453,1513,11,20,0,21,9.483
"742",2022-06-12,23448,2843,1540,10,18,0,17,13.686
"743",2022-06-13,28466,1093,1352,9,18,0,11,14.838
"744",2022-06-14,28628,720,1695,9,21,0,4,19.507
"745",2022-06-15,29140,807,1588,11,23,0.2,8,18.611
"746",2022-06-16,29957,932,1101,10,24,0,7,19.391
"747",2022-06-17,27894,2535,1337,16,29,0,16,15.602
"748",2022-06-18,25623,2470,612,11,16,5.4,12,18.374
"749",2022-06-19,25610,1813,629,9,18,0,13,16.753
"750",2022-06-20,28487,948,1760,9,21,0,7,15.96
"751",2022-06-21,28099,489,1675,10,22,0,7,23.313
"752",2022-06-22,28728,1010,1662,12,24,0,7,19.096
"753",2022-06-23,28796,600,770,14,24,1,8,22.784
"754",2022-06-24,26468,1749,762,13,20,5.2,16,24.777
"755",2022-06-25,23064,2728,1498,10,19,1.1,18,12.081
"756",2022-06-26,22928,3294,1471,10,20,0,23,16.3
"757",2022-06-27,26680,1741,1585,10,18,1.5,17,18.982
"758",2022-06-28,27463,3031,777,10,19,0.6,20,15.277
"759",2022-06-29,28348,940,995,12,18,5.7,14,20.856
"760",2022-06-30,28321,707,1342,11,19,3,12,25.45
"761",2022-07-01,26155,1473,1133,11,19,1.7,14,25.002
"762",2022-07-02,24200,1629,1422,11,19,0.5,16,17.505
"763",2022-07-03,24928,1737,1650,10,18,0.7,10,16.433
"764",2022-07-04,27623,2394,1547,11,19,0,15,13.403
"765",2022-07-05,27899,1136,1528,10,20,0.8,15,28.868
"766",2022-07-06,27763,3428,1143,14,22,0.2,17,22.218
"767",2022-07-07,27451,1683,1634,14,23,0,17,21.912
"768",2022-07-08,26864,1825,1559,13,24,0,16,23.168
"769",2022-07-09,24866,1025,1715,13,23,0.1,15,16.345
"770",2022-07-10,25308,571,1703,12,26,0,10,20.216
"771",2022-07-11,28696,1659,1231,15,29,0,7,31.478
"772",2022-07-12,29999,1481,882,18,25,0.2,11,35.354
"773",2022-07-13,28736,1716,1442,14,23,0,14,23.139
"774",2022-07-14,28281,1270,1439,12,22,0,15,20.707
"775",2022-07-15,27222,1367,1422,11,23,0.1,14,17.239
"776",2022-07-16,25556,817,1320,12,26,0,7,14.114
"777",2022-07-17,26134,1183,1324,16,32,0,10,12.758
"778",2022-07-18,30426,922,1336,19,38,0,11,28.332
"779",2022-07-19,31165,1538,1006,23,38,0,15,41.559
"780",2022-07-20,29906,1662,643,15,24,1.5,18,18.928
"781",2022-07-21,30056,689,631,14,19,0.8,12,19.589
"782",2022-07-22,27712,684,852,14,20,6.7,11,26.126
"783",2022-07-23,24123,2350,673,13,21,5.8,14,25.44
"784",2022-07-24,25079,2602,738,17,25,1,24,24.961
"785",2022-07-25,28438,2329,778,15,21,0.8,20,22.612
"786",2022-07-26,28100,712,1166,13,19,0.4,11,23.596
"787",2022-07-27,28617,584,642,12,21,3.6,8,21.157
"788",2022-07-28,28903,763,726,13,20,0.6,10,25.774
"789",2022-07-29,26764,1158,795,14,24,0.1,9,33.444
"790",2022-07-30,24696,1215,469,16,21,2.5,13,26.845
"791",2022-07-31,24898,887,1111,15,21,1.2,12,24.143
"792",2022-08-01,28427,1766,564,13,23,0.2,11,25.13
"793",2022-08-02,28062,2869,740,18,24,2.1,20,21.01
"794",2022-08-03,27821,1425,949,16,24,1,17,32.445
"795",2022-08-04,27174,1463,1182,12,21,0,15,28.25
"796",2022-08-05,26171,1337,1196,10,19,0.2,15,21.296
"797",2022-08-06,23883,1507,1191,10,22,0,10,20.996
"798",2022-08-07,25167,1185,1107,11,24,0,10,18.006
"799",2022-08-08,28963,715,1066,13,27,0,8,25.5
"800",2022-08-09,28914,842,1134,14,28,0,7,26.62
"801",2022-08-10,29270,852,1059,16,30,0,6,31.833
"802",2022-08-11,29554,689,1013,17,32,0,6,41.566
"803",2022-08-12,28753,737,966,17,33,0,10,34.414
"804",2022-08-13,25966,884,907,17,33,0,13,33.493
"805",2022-08-14,26678,580,740,20,32,0,10,36.391
"806",2022-08-15,29561,684,486,17,26,5.4,12,38.087
"807",2022-08-16,29299,1559,197,16,23,8,9,40.991
"808",2022-08-17,29504,959,307,15,21,10.5,18,39.048
"809",2022-08-18,29111,1906,286,14,23,0.1,12,35.2
"810",2022-08-19,26689,1546,709,15,22,0,14,33.154
"811",2022-08-20,23742,2140,668,12,23,0.5,17,26.402
"812",2022-08-21,25609,568,478,14,21,0.4,12,38.231
"813",2022-08-22,30636,861,256,14,20,2.8,10,33.114
"814",2022-08-23,29816,785,269,15,22,0.6,11,52.365
"815",2022-08-24,29652,1032,351,16,24,2.4,14,50.736
"816",2022-08-25,29268,645,423,14,21,7.1,10,49.222
"817",2022-08-26,27632,383,328,13,22,0.7,5,56.378
"818",2022-08-27,25576,447,373,14,22,3.3,10,44.713
"819",2022-08-28,24891,599,239,14,23,0,9,35.499
"820",2022-08-29,26390,1006,237,13,21,0.2,14,39.714
"821",2022-08-30,29270,1114,295,11,20,0,13,30.668
"822",2022-08-31,28754,1339,293,13,21,0,17,25.149
"823",2022-09-01,28824,1209,192,13,23,0.2,18,36.641
"824",2022-09-02,28974,1244,117,14,20,1.1,12,36.448
"825",2022-09-03,26141,2196,45,14,23,1.2,10,25.856
"826",2022-09-04,27111,1425,70,16,21,10.5,17,27.7
"827",2022-09-05,30014,1631,98,15,24,11.6,15,28.305
"828",2022-09-06,30526,1673,59,14,20,18.8,13,22.632
"829",2022-09-07,30093,1323,66,13,20,2.9,14,19.331
"830",2022-09-08,29973,1421,58,13,19,3.3,12,26.067
"831",2022-09-09,28683,1621,68,12,18,4.1,11,24.096
"832",2022-09-10,27120,377,44,13,19,0.8,10,30.751
"833",2022-09-11,28075,1635,12,14,18,2.8,8,25.538
"834",2022-09-12,30773,1497,25,15,22,4.7,8,32.126
"835",2022-09-13,30812,862,16,13,20,0,10,25.218
"836",2022-09-14,30386,1253,11,10,20,0,14,36.167
"837",2022-09-15,31196,1482,5,11,16,0,15,27.416
"838",2022-09-16,29230,1875,4,9,14,0.5,12,21.265
"839",2022-09-17,27897,1318,2,7,16,0,16,14.41
"840",2022-09-18,28302,836,0,10,16,0,13,12.6
"841",2022-09-19,29111,369,0,9,18,0.6,6,22.837
"842",2022-09-20,31583,484,0,8,19,0,6,20.969
"843",2022-09-21,31417,1677,0,11,20,0,8,24.436
"844",2022-09-22,31433,910,0,12,19,5.9,12,34.28
"845",2022-09-23,30303,855,0,12,19,0,8,30.737
"846",2022-09-24,28065,1143,0,9,15,0.4,14,18.079
"847",2022-09-25,27984,2817,0,7,16,0.1,12,17.867
"848",2022-09-26,32284,2418,0,8,13,1.3,21,15.09
"849",2022-09-27,32636,2175,0,8,12,2.1,17,25.333
"850",2022-09-28,32780,1678,0,7,13,0.4,13,29.536
"851",2022-09-29,33688,651,0,10,14,3.1,14,23.213
"852",2022-09-30,31467,3064,0,7,14,10.4,18,21.768
"853",2022-10-01,27323,2461,0,10,16,0,18,12.867
"854",2022-10-02,30405,796,0,11,16,2.9,11,11.581
"855",2022-10-03,32252,2413,0,8,17,0,9,24.592
"856",2022-10-04,32857,1811,0,12,18,0,21,16.67
"857",2022-10-05,31504,3238,0,10,16,5.5,29,15.344
"858",2022-10-06,30841,3149,0,9,17,0,20,12.397
"859",2022-10-07,30915,2328,0,10,17,5.7,23,18.415
"860",2022-10-08,29544,1051,0,8,15,0,12,13.774
"861",2022-10-09,29634,2852,0,8,17,0,19,13.579
"862",2022-10-10,34224,1551,0,8,14,4.5,15,12.851
"863",2022-10-11,34489,1442,0,6,14,0,9,19.46
"864",2022-10-12,34567,1175,0,8,15,2,15,19.468
"865",2022-10-13,33477,1511,0,8,15,0.2,7,16.274
"866",2022-10-14,33488,911,0,9,14,0.6,8,17.092
"867",2022-10-15,28429,2778,0,9,14,4,22,11.473
"868",2022-10-16,30132,1741,0,7,16,4.3,18,13.319
"869",2022-10-17,32879,2602,0,10,16,0.8,17,7.112
"870",2022-10-18,33179,1413,0,7,15,0,7,6.261
"871",2022-10-19,32846,2952,0,9,14,1.6,24,3.896
"872",2022-10-20,33594,1040,0,12,15,17,14,14.046
"873",2022-10-21,32148,2134,0,12,15,6.2,18,16.547
"874",2022-10-22,29648,1435,0,10,17,0.1,17,6.265
"875",2022-10-23,30496,1157,0,12,17,29.9,13,9.19
"876",2022-10-24,33335,1804,0,11,14,11,18,4.572
"877",2022-10-25,32577,1981,0,11,16,1.4,17,7.106
"878",2022-10-26,31762,2796,0,13,17,2.4,21,4.278
"879",2022-10-27,32975,1880,0,12,17,4.4,14,8.993
"880",2022-10-28,31252,2209,0,12,16,0.8,14,8.393
"881",2022-10-29,28796,2319,0,12,17,5.3,15,9.552
"882",2022-10-30,30474,2660,0,12,16,1.5,19,9.839
"883",2022-10-31,32829,1941,0,11,15,5.6,19,10.363
"884",2022-11-01,34263,2444,0,9,13,7,20,8.148
"885",2022-11-02,32114,4365,0,7,13,8.3,29,6.387
"886",2022-11-03,35931,579,0,7,11,3.4,13,11.675
"887",2022-11-04,34396,1375,0,5,11,0,9,10.782
"888",2022-11-05,30333,1673,0,6,12,2.4,16,12.412
"889",2022-11-06,30801,2326,0,8,11,1.1,16,15.163
"890",2022-11-07,32780,3660,0,9,14,0.4,27,8.499
"891",2022-11-08,33596,3025,0,10,13,9.6,30,9.611
"892",2022-11-09,34271,2671,0,9,13,0.3,19,6.129
"893",2022-11-10,32206,4067,0,11,15,0,26,5.809
"894",2022-11-11,31797,2717,0,11,16,0,23,6.661
"895",2022-11-12,30011,1650,0,10,14,0,11,14.995
"896",2022-11-13,31060,2054,0,10,16,0,13,15.4
"897",2022-11-14,35087,1605,0,9,11,0.2,12,11.362
"898",2022-11-15,35862,1439,0,7,11,16,21,12.242
"899",2022-11-16,35829,1540,0,6,11,8.2,16,14.878
"900",2022-11-17,34304,3008,0,7,10,11.4,21,9.891
"901",2022-11-18,34029,1797,0,5,9,0.3,13,11.559
"902",2022-11-19,32697,2137,0,4,8,0,10,7.364
"903",2022-11-20,33611,1334,0,5,8,4.3,16,11.269
"904",2022-11-21,37262,2521,0,3,9,19.1,18,15.696
"905",2022-11-22,37320,655,0,5,8,4,17,12.936
"906",2022-11-23,35705,2859,0,6,10,8.9,22,14.208
"907",2022-11-24,35791,3067,0,7,11,2.9,23,17.303
"908",2022-11-25,34656,2341,0,6,9,0,14,13.539
"909",2022-11-26,29613,4087,0,7,11,3.3,20,12.532
"910",2022-11-27,33156,1888,0,7,12,2.3,13,17.147
"911",2022-11-28,37411,284,0,5,9,0,13,19.77
"912",2022-11-29,37534,541,0,4,6,0,5,34.247
"913",2022-11-30,38283,783,0,3,6,0,5,31.744
"914",2022-12-01,38652,641,0,3,7,0,4,37.78
"915",2022-12-02,37979,1360,0,2,6,0,9,29.403
"916",2022-12-03,35016,1573,0,3,6,0,12,25.603
"917",2022-12-04,35014,1947,0,4,6,0.7,14,29.559
"918",2022-12-05,39513,1479,0,4,6,0.1,15,28.49
"919",2022-12-06,39845,1481,0,2,5,0,10,35.711
"920",2022-12-07,41195,1360,0,0,4,0,9,31.666
"921",2022-12-08,42037,1222,0,-2,1,0,8,34.736
"922",2022-12-09,40311,788,0,-1,3,0,7,38.14
"923",2022-12-10,38090,674,0,-2,2,0,7,39.548
"924",2022-12-11,39657,304,0,-1,2,0.8,7,41.267
"925",2022-12-12,43564,599,0,-2,1,0,8,51.235
"926",2022-12-13,43040,1167,0,-1,1,0,12,49.342
"927",2022-12-14,42999,2012,0,-3,3,0,16,39.841
"928",2022-12-15,44414,968,0,-3,2,0,9,45.362
"929",2022-12-16,41342,1675,0,-4,1,0,7,35.012
"930",2022-12-17,38439,1494,0,0,2,0,14,28.524
"931",2022-12-18,37128,3343,0,-1,8,4.5,18,27.871
"932",2022-12-19,35913,3029,0,9,13,5.4,29,19.829
"933",2022-12-20,36986,2538,0,6,12,5,15,15.255
"934",2022-12-21,36333,2345,0,5,8,2,22,19.879
"935",2022-12-22,37516,628,0,5,10,2.8,15,19.793
"936",2022-12-23,33286,2754,0,7,10,11.6,17,16.648
"937",2022-12-24,29184,2776,0,6,9,0,18,10.712
"938",2022-12-25,24009,1773,0,6,9,0.6,23,10.766
"939",2022-12-26,28784,2600,0,3,8,0.3,22,4.986
"940",2022-12-27,31198,3042,0,3,9,2.7,24,9.919
"941",2022-12-28,31240,3504,0,5,11,4.6,26,7.102
"942",2022-12-29,33263,2793,0,5,7,0.6,27,12.433
"943",2022-12-30,31103,3889,0,6,12,1.5,31,3.601
"944",2022-12-31,29937,1978,0,8,11,7.1,19,14.748
"945",2023-01-01,30330,996,0,6,9,0.1,25,12.897
"946",2023-01-02,35292,1186,0,2,7,0,9,9.377
"947",2023-01-03,34949,3260,0,2,11,5.7,24,16.351
"948",2023-01-04,34588,3219,0,9,12,0.7,29,4.809
"949",2023-01-05,34003,3627,0,9,12,0.6,26,11.922
"950",2023-01-06,34542,2661,0,5,11,3.5,20,10.243
"951",2023-01-07,30686,3788,0,6,11,6.7,30,8.725
"952",2023-01-08,34680,2358,0,4,6,1.6,23,11.39
"953",2023-01-09,37512,3180,0,5,7,0,25,15.189
"954",2023-01-10,35860,4521,0,3,12,8.3,24,14.176
"955",2023-01-11,36715,3748,0,6,8,5.1,26,11.294
"956",2023-01-12,35809,4375,0,7,11,4.4,26,11.161
"957",2023-01-13,36163,2110,0,5,8,0.4,29,15.206
"958",2023-01-14,32173,4342,0,4,9,9.2,23,11.13
"959",2023-01-15,36209,974,0,3,6,0.2,24,13.154
"960",2023-01-16,41773,1389,0,-2,4,0.2,17,12.433
"961",2023-01-17,42571,2038,0,-2,3,0,15,15.741
"962",2023-01-18,41770,2224,0,0,4,0,20,16.88
"963",2023-01-19,41645,2148,0,-1,4,0,14,17.17
"964",2023-01-20,40880,971,0,-1,4,0,9,15.607
"965",2023-01-21,37832,1944,0,-1,4,0,7,15.645
"966",2023-01-22,38721,1311,0,-1,4,0,9,13.612
"967",2023-01-23,42035,989,0,0,4,0,6,14.513
"968",2023-01-24,41800,1132,0,-1,5,0,5,14.288
"969",2023-01-25,40823,2081,0,2,8,0.6,12,17.876
"970",2023-01-26,40903,1008,0,1,7,0,18,16.623
"971",2023-01-27,39400,947,0,0,6,0,10,15.702
"972",2023-01-28,37195,807,0,0,5,0,8,15.092
"973",2023-01-29,33943,3623,0,4,9,0.1,15,8.879
"974",2023-01-30,39057,1810,0,3,8,0,19,14.767
"975",2023-01-31,37401,3510,0,3,10,0,21,15.069
"976",2023-02-01,37337,2627,0,5,8,0,28,13.819
"977",2023-02-02,35896,3828,0,6,12,0,20,13.724
"978",2023-02-03,36531,1567,0,7,12,0,16,14.22
"979",2023-02-04,33145,2076,0,6,9,0.1,15,12.023
"980",2023-02-05,36566,1211,0,0,7,0,8,12.762
"981",2023-02-06,39169,1354,0,-1,8,0,6,16.747
"982",2023-02-07,40414,747,0,-1,8,0,3,16.616
"983",2023-02-08,38614,3128,0,-1,7,0,8,14.892
"984",2023-02-09,38924,1297,0,2,7,0,10,14.581
"985",2023-02-10,36251,2926,0,1,9,0,15,13.781
"986",2023-02-11,34069,758,0,4,11,0,7,16.418
"987",2023-02-12,34725,1148,0,4,9,0,7,15.2
"988",2023-02-13,38475,1253,0,4,11,0,10,14.694
"989",2023-02-14,38021,2020,0,2,12,0,8,18.143
"990",2023-02-15,37088,2266,0,3,11,0.1,13,14.324
"991",2023-02-16,36459,2075,0,5,11,1.8,19,11.155
"992",2023-02-17,34752,1472,0,9,13,0,24,10.072
"993",2023-02-18,31536,1960,0,9,13,0.2,21,10.868
"994",2023-02-19,31534,3336,0,7,13,0,19,10.321
"995",2023-02-20,36221,2265,0,8,13,0,22,9.83
"996",2023-02-21,37228,1570,0,7,11,1.5,12,14.545
"997",2023-02-22,37049,1768,0,4,7,3.3,16,13.286
"998",2023-02-23,37884,1935,0,2,7,0.3,13,12.79
"999",2023-02-24,36182,2135,0,3,10,0.6,16,12.885
"1000",2023-02-25,34521,1430,0,1,6,0.2,15,13.767
"1001",2023-02-26,36520,904,0,1,8,0,13,11.828
"1002",2023-02-27,39558,987,0,1,7,0.1,12,15.58
"1003",2023-02-28,38849,1584,0,4,9,0.5,17,12.629
"1004",2023-03-01,39232,1543,0,5,7,0.4,15,12.185
"1005",2023-03-02,39785,886,0,4,8,0.2,10,13.104
"1006",2023-03-03,38382,711,0,2,8,0,9,17.452
"1007",2023-03-04,35689,353,0,1,8,0,7,16.007
"1008",2023-03-05,36281,407,0,1,7,0.9,9,14.946
"1009",2023-03-06,39708,1601,0,3,7,4.9,14,14.15
"1010",2023-03-07,40872,575,0,-1,5,3.6,9,23.818
"1011",2023-03-08,41563,1512,0,0,3,4.4,18,15.485
"1012",2023-03-09,39846,2580,0,0,6,18.7,14,15.777
"1013",2023-03-10,39181,778,0,-1,5,17,19,13.687
"1014",2023-03-11,35551,1972,0,-4,3,0.3,6,13.007
"1015",2023-03-12,32943,2434,0,2,12,5.3,19,11.391
"1016",2023-03-13,35254,3714,0,3,12,7.7,30,10.414
"1017",2023-03-14,39107,1520,0,0,6,5.7,24,17.933
"1018",2023-03-15,38556,2214,0,1,7,4.2,15,13.362
"1019",2023-03-16,35772,2313,0,7,14,4.6,25,12.201
"1020",2023-03-17,34738,916,0,8,12,3.5,17,14.325
"1021",2023-03-18,31739,1330,0,8,11,0.4,11,10.515
"1022",2023-03-19,33568,971,0,7,13,0.1,10,11.814
"1023",2023-03-20,36142,1884,0,6,13,0,15,16.33
"1024",2023-03-21,34521,2754,0,8,12,2.7,21,9.804
"1025",2023-03-22,34088,3195,0,6,13,2,28,8.717
"1026",2023-03-23,35070,2106,0,6,13,1.3,23,8.843
"1027",2023-03-24,33116,2504,0,6,11,6.9,31,2.043
"1028",2023-03-25,32060,1130,0,6,12,0.4,21,6.52
"1029",2023-03-26,32610,1127,0,2,8,5,12,13.236
"1030",2023-03-27,35052,684,51,0,9,0,6,9.054
"1031",2023-03-28,36241,1772,11,4,8,9.2,22,13.094
"1032",2023-03-29,34120,2582,14,8,13,1.1,20,12.518
"1033",2023-03-30,32884,1531,41,9,12,0.9,20,10.929
"1034",2023-03-31,32194,2333,15,8,11,5.5,12,11.181
"1035",2023-04-01,30796,1313,49,6,8,0.9,18,11.371
"1036",2023-04-02,30275,794,157,5,9,0.4,9,13.997
"1037",2023-04-03,32841,1374,206,1,11,0,9,10.7
"1038",2023-04-04,32574,1497,153,-1,13,0,6,10.089
"1039",2023-04-05,35076,891,23,4,10,4.6,12,10.117
"1040",2023-04-06,31151,1837,264,5,11,6,17,9.231
"1041",2023-04-07,29176,531,302,3,14,0,7,8.677
"1042",2023-04-08,27784,961,186,3,13,0,4,11.058
"1043",2023-04-09,26695,2546,70,5,14,0,17,6.081
"1044",2023-04-10,27153,3028,314,6,13,6.4,23,-0.934
"1045",2023-04-11,31699,4226,52,4,10,6.9,24,7.632
"1046",2023-04-12,33661,2573,170,3,7,4.8,28,10.314
"1047",2023-04-13,31807,1396,418,4,12,1.3,21,10.19
"1048",2023-04-14,33292,624,167,4,12,8.9,9,10.113
"1049",2023-04-15,29310,691,287,4,13,1.5,8,9.79
"1050",2023-04-16,30139,547,213,7,9,0.6,9,11.475
"1051",2023-04-17,32378,886,356,6,14,0.1,10,14.234
"1052",2023-04-18,31538,2159,376,5,14,0,19,10.584
"1053",2023-04-19,29852,2325,642,5,14,0.3,23,8.974
"1054",2023-04-20,30805,2224,479,3,13,0,20,9.97
"1055",2023-04-21,30732,1680,460,6,11,8.7,18,10.767
"1056",2023-04-22,28845,840,321,4,10,1.4,8,9.531
"1057",2023-04-23,29065,2226,355,5,13,8.1,8,10.861
"1058",2023-04-24,33711,1551,338,3,9,0.3,12,9.44
"1059",2023-04-25,32808,508,652,0,9,0,8,8.663
"1060",2023-04-26,33115,544,441,4,11,0.9,8,8.894
"1061",2023-04-27,33172,2092,142,6,10,8,13,10.064
"1062",2023-04-28,30748,735,560,9,16,3.9,13,12.574
"1063",2023-04-29,27566,672,555,8,17,0.7,5,10.192
"1064",2023-04-30,27115,859,561,10,14,2.7,11,9.129
"1065",2023-05-01,27954,1195,799,9,17,1.1,12,9.058
"1066",2023-05-02,30548,809,690,7,14,0.4,8,9.642
"1067",2023-05-03,29221,1985,852,6,14,0,15,7.526
"1068",2023-05-04,29462,2905,533,5,17,2,18,6.325
"1069",2023-05-05,28811,938,683,9,16,5,11,8.928
"1070",2023-05-06,27383,852,471,9,14,5.4,12,9.456
"1071",2023-05-07,25564,999,928,9,16,0.3,12,7.793
"1072",2023-05-08,28411,1173,183,10,14,12.3,15,9.712
"1073",2023-05-09,30439,807,734,9,17,7.7,11,9.09
"1074",2023-05-10,30127,1041,766,7,15,5.3,14,8.374
"1075",2023-05-11,30016,643,885,8,15,5.1,8,9.377
"1076",2023-05-12,28517,1524,492,8,14,0,20,8.697
"1077",2023-05-13,26046,810,985,7,17,0,12,10.768
"1078",2023-05-14,26096,1427,612,7,18,0.6,8,9.118
"1079",2023-05-15,28881,1564,1219,6,13,0.1,19,7.937
"1080",2023-05-16,29975,1180,1238,5,15,0,15,6.488
"1081",2023-05-17,29516,885,906,7,15,0,11,6.505
"1082",2023-05-18,29549,755,793,10,18,0,7,6.796
"1083",2023-05-19,28135,867,1025,10,17,2,10,8.47
"1084",2023-05-20,24370,962,1337,6,17,0,13,5.492
"1085",2023-05-21,25430,827,1244,6,19,0,14,7.369
"1086",2023-05-22,27619,1721,1200,7,21,0,15,8.001
"1087",2023-05-23,28042,1181,1185,9,18,0.1,9,6.501
"1088",2023-05-24,28093,1233,1445,9,18,0,16,5.673
"1089",2023-05-25,27902,989,1360,9,19,0,9,7.214
"1090",2023-05-26,26256,780,1452,9,18,0,9,6.08
"1091",2023-05-27,23596,1312,1500,7,21,0,5,3.871
"1092",2023-05-28,23056,1344,1208,9,17,0.3,15,3.669
"1093",2023-05-29,24568,1332,1609,5,17,0,16,2.65
"1094",2023-05-30,27253,1361,1190,6,18,0,16,8.714
"1095",2023-05-31,27287,1460,1051,8,18,0.1,18,7.497
"1096",2023-06-01,27105,1686,1041,7,19,0,15,7.185
"1097",2023-06-02,24944,1127,1600,7,19,0,14,5.132
"1098",2023-06-03,23282,988,1611,6,19,0,15,6.655
"1099",2023-06-04,24557,958,1590,6,20,0,12,7.462
"1100",2023-06-05,27313,1172,1268,7,19,0,13,7.822
"1101",2023-06-06,28233,1102,979,8,17,0,14,10.362
"1102",2023-06-07,27282,1368,1558,7,19,0,14,6.705
"1103",2023-06-08,26172,2004,1585,6,20,0,18,6.674
"1104",2023-06-09,25476,1796,1579,8,21,0,21,8.135
"1105",2023-06-10,24334,1506,1043,10,26,2.2,16,9.269
"1106",2023-06-11,25856,593,816,13,25,4.1,5,13.156
"1107",2023-06-12,28850,755,945,16,26,3.7,11,13.62
"1108",2023-06-13,27282,1215,1551,13,26,0,15,9.451
"1109",2023-06-14,27448,1262,1604,11,23,0,14,9.776
"1110",2023-06-15,27470,870,1618,11,23,0,12,10.7
"1111",2023-06-16,27183,649,1246,14,24,0,8,9.525
"1112",2023-06-17,24345,671,1289,14,20,1.2,9,9.435
"1113",2023-06-18,26103,1056,436,13,23,15,10,9.53
"1114",2023-06-19,27038,1480,1598,12,23,0.7,13,8.448
"1115",2023-06-20,28146,719,1363,14,20,20.7,6,10.153
"1116",2023-06-21,28159,950,1571,12,22,0.7,10,9.325
"1117",2023-06-22,28895,600,1399,14,23,0.5,6,9.893
"1118",2023-06-23,26634,1627,1030,14,21,0,11,9.099
"1119",2023-06-24,24348,1249,1529,16,25,0.6,13,10.313
"1120",2023-06-25,24195,2122,1536,14,25,0.8,17,10.707
"1121",2023-06-26,26084,1696,1430,11,20,0,15,8.5
"1122",2023-06-27,28187,1826,411,12,19,2.1,13,8.475
"1123",2023-06-28,28413,988,667,15,20,1.4,12,10.961
"1124",2023-06-29,26314,1296,1680,12,20,0.4,14,8.359
"1125",2023-06-30,26876,1959,343,10,17,0.6,17,6.712
"1126",2023-07-01,21329,3511,1543,13,20,0,22,0.088
"1127",2023-07-02,22377,3178,1445,10,18,0,19,-0.49
"1128",2023-07-03,25723,3216,1288,9,17,3.3,20,2.351
"1129",2023-07-04,28359,884,601,9,17,3.3,17,8.69
"1130",2023-07-05,27178,1518,1293,10,19,0.6,14,7.061
"1131",2023-07-06,25906,2392,1308,10,21,0.3,16,8.822
"1132",2023-07-07,25997,1481,1657,12,26,0,16,5.706
"1133",2023-07-08,25694,706,893,16,24,7.4,14,9.969
"1134",2023-07-09,24222,1052,1497,14,21,1.3,13,9.917
"1135",2023-07-10,26841,2208,607,12,21,4.2,16,9.051
"1136",2023-07-11,26436,1792,1225,13,20,8.8,17,8.931
"1137",2023-07-12,26071,2008,1227,11,21,3,19,8.979
"1138",2023-07-13,27545,1064,1140,11,21,0.8,14,6.306
"1139",2023-07-14,25865,3826,389,12,17,15.7,18,7.398
"1140",2023-07-15,22639,3392,1014,13,18,7.7,27,3.749
"1141",2023-07-16,23017,2826,1252,12,19,2.1,23,2.604
"1142",2023-07-17,26925,1516,1265,11,19,1.1,13,4.606
"1143",2023-07-18,27852,728,679,12,18,2.6,9,8.394
"1144",2023-07-19,27363,932,1498,13,20,1.2,13,8.822
"1145",2023-07-20,27405,795,898,10,19,1.1,11,9.335
"1146",2023-07-21,26340,917,1158,10,19,0.8,11,7.971
"1147",2023-07-22,24707,1967,320,12,16,18.8,17,7.207
"1148",2023-07-23,24837,1802,916,14,20,3.8,14,1.554
"1149",2023-07-24,27620,926,926,11,17,10.8,14,10.98
"1150",2023-07-25,26864,856,1187,11,17,0.7,10,8.518
"1151",2023-07-26,28217,1914,198,10,20,11.3,13,8.568
"1152",2023-07-27,28034,943,897,15,22,3.3,15,8.744
"1153",2023-07-28,25657,1539,753,15,22,0.3,14,8.201
"1154",2023-07-29,21562,2748,1316,13,20,0.2,20,6.138
"1155",2023-07-30,24615,2086,376,13,18,5,22,5.459
"1156",2023-07-31,27221,1975,751,13,19,1.5,19,6.773
"1157",2023-08-01,27368,819,587,12,18,0.3,14,6.61
"1158",2023-08-02,27105,2306,737,13,18,12.5,15,6.814
"1159",2023-08-03,26718,1849,777,11,20,1.1,15,9.4
"1160",2023-08-04,25727,558,720,13,17,0.3,15,7.926
"1161",2023-08-05,24145,1821,583,11,12,16.5,16,6.306
"1162",2023-08-06,25206,938,978,10,18,1.4,16,7.773
"1163",2023-08-07,26761,1305,1028,11,19,0,13,6.029
"1164",2023-08-08,27577,1467,578,11,17,0.9,9,6.379
"1165",2023-08-09,28431,505,936,10,23,0,8,7.481
"1166",2023-08-10,27481,1151,767,16,26,0,12,9.636
"1167",2023-08-11,25220,2244,906,17,23,0,17,6.546
"1168",2023-08-12,23257,2626,609,14,20,0.9,22,7.303
"1169",2023-08-13,24983,1417,506,14,20,0.3,17,7.615
"1170",2023-08-14,27173,1419,680,13,19,13.1,18,9.442
"1171",2023-08-15,28069,561,805,12,21,0.8,9,9.457
"1172",2023-08-16,28668,622,787,12,22,0,6,8.132
"1173",2023-08-17,27833,2344,557,15,22,0.3,16,6.976
"1174",2023-08-18,26657,3229,226,14,19,6.9,18,6.258
"1175",2023-08-19,23094,2657,524,16,22,2,22,4.155
"1176",2023-08-20,24454,1395,726,14,23,0.2,15,8.281
"1177",2023-08-21,27087,2620,440,13,22,0.6,15,9.899
"1178",2023-08-22,27839,1305,515,15,21,0.3,17,9.16
"1179",2023-08-23,28528,655,312,14,22,0.1,9,9.516
"1180",2023-08-24,28295,841,461,13,20,0.4,10,9.648
"1181",2023-08-25,26532,797,390,11,18,2.5,11,8.297
"1182",2023-08-26,24958,578,425,11,16,4.5,10,6.989
"1183",2023-08-27,24959,818,305,10,17,0.7,15,6.972
"1184",2023-08-28,26534,687,185,12,19,0.1,14,9.842
"1185",2023-08-29,28330,1526,253,11,20,0.3,10,8.461
"1186",2023-08-30,28864,611,336,10,18,0,14,8.21
"1187",2023-08-31,29503,834,95,11,15,7,8,8.015
"1188",2023-09-01,27905,518,231,12,18,0.4,4,10.151
"1189",2023-09-02,25493,682,264,12,22,0,6,8.24
"1190",2023-09-03,26265,880,259,15,24,0,6,6.65
"1191",2023-09-04,30309,889,193,16,27,0,8,8.058
"1192",2023-09-05,30591,1253,183,16,27,0,15,8.458
"1193",2023-09-06,31348,497,162,16,29,0,5,8.556
"1194",2023-09-07,31486,590,109,19,28,0,8,8.683
"1195",2023-09-08,29361,351,79,18,29,0.5,5,10.593
"1196",2023-09-09,27622,469,72,19,30,1.3,4,10.105
"1197",2023-09-10,28436,589,53,20,29,0.8,8,9.423
"1198",2023-09-11,31008,689,37,16,21,3.8,12,9.045
"1199",2023-09-12,30595,1175,20,14,18,3.6,11,8.92
"1200",2023-09-13,30219,1555,19,10,18,0,11,7.784
"1201",2023-09-14,30302,689,6,14,15,0,9,8.179
"1202",2023-09-15,29897,704,5,12,23,0,7,9.6
"1203",2023-09-16,26852,1519,1,13,19,0.3,15,8.517
"1204",2023-09-17,28368,1531,0,14,21,9.2,19,9.426
"1205",2023-09-18,29380,2967,0,12,17,3.4,19,6.997
"1206",2023-09-19,29628,3722,0,11,17,1.9,28,5.345
"1207",2023-09-20,30395,2937,0,12,16,8.5,26,7.111
"1208",2023-09-21,31687,1164,0,10,16,0.8,13,6.137
"1209",2023-09-22,29635,1950,0,8,15,1,13,7.886
"1210",2023-09-23,27573,1552,0,10,15,0,15,7.754
"1211",2023-09-24,25575,4596,0,12,19,4.6,27,0.21
"1212",2023-09-25,31398,1892,37,13,19,0.1,18,2.572
"1213",2023-09-26,31293,1823,25,12,20,0.8,17,9.219
"1214",2023-09-27,29846,4725,0,12,18,0.6,23,9.548
"1215",2023-09-28,31060,2598,0,12,17,3,20,10.318
"1216",2023-09-29,29983,2070,0,11,18,1.4,12,7.767
"1217",2023-09-30,27669,2443,0,11,15,1.6,12,10.345
"1218",2023-10-01,29717,892,20,14,18,1.1,17,8.158
"1219",2023-10-02,32622,934,0,13,19,8.4,6,8.014
"1220",2023-10-03,31000,2660,0,10,15,0.6,17,3.563
"1221",2023-10-04,31843,2319,22,10,17,0.1,18,6.813
"1222",2023-10-05,31338,3358,0,11,16,0.3,17,4.985
"1223",2023-10-06,30382,2022,0,13,20,0.8,21,1.896
"1224",2023-10-07,27980,1497,0,14,21,0,16,5.669
"1225",2023-10-08,28914,1221,0,13,19,0,10,7.711
"1226",2023-10-09,32939,730,0,14,21,0,8,8.964
"1227",2023-10-10,30453,3345,0,15,22,0,16,10.077
"1228",2023-10-11,33238,1481,0,9,18,3.9,16,8.788
"1229",2023-10-12,33538,1129,0,9,13,3.5,7,11.425
"1230",2023-10-13,30371,3331,0,8,16,22.8,19,8.525
"1231",2023-10-14,29729,2034,0,6,11,0.4,17,3.21
"1232",2023-10-15,32421,613,0,4,9,0,8,7.204
"1233",2023-10-16,35915,976,0,5,10,0,8,11.82
"1234",2023-10-17,34253,2954,0,7,14,0,19,8.586
"1235",2023-10-18,32855,4141,0,10,14,16.7,22,10.87
"1236",2023-10-19,32872,2309,0,13,15,3.4,19,9.506
"1237",2023-10-20,31869,3634,0,9,14,27.5,26,9.997
"1238",2023-10-21,30652,1480,0,8,9,3.6,12,11.591
"1239",2023-10-22,31557,490,0,7,12,0.1,10,14.251
"1240",2023-10-23,34571,1805,0,8,13,6.1,17,13.596
"1241",2023-10-24,35841,660,0,9,11,1.6,4,13.766
"1242",2023-10-25,35514,1032,0,8,11,3.1,8,12.289
"1243",2023-10-26,34916,1598,0,8,11,2.4,7,10.863
"1244",2023-10-27,33198,1704,0,8,13,0.8,8,11.836
"1245",2023-10-28,29963,2596,0,8,13,18.3,15,12.463
"1246",2023-10-29,32894,2559,0,9,12,3.4,21,8.777
"1247",2023-10-30,35591,1411,0,9,13,0.7,18,9.916
"1248",2023-10-31,35871,1336,0,8,12,3.8,9,9.84
"1249",2023-11-01,35155,2701,0,7,13,5,23,7.63
"1250",2023-11-02,34677,3581,0,7,10,29,24,7.825
"1251",2023-11-03,35085,1379,0,8,11,2.1,19,8.564
"1252",2023-11-04,31954,1036,0,7,11,10.5,16,9.825
"1253",2023-11-05,32661,1180,0,7,11,0.4,18,9.513
"1254",2023-11-06,36976,1721,0,6,11,0.5,17,6.994
"1255",2023-11-07,37881,1282,0,6,11,0.8,16,10.135
"1256",2023-11-08,37440,1897,0,7,11,2.7,21,9.792
"1257",2023-11-09,37612,1430,0,6,8,9.6,21,8.425
"1258",2023-11-10,36890,1552,0,5,8,1.4,14,6.77
"1259",2023-11-11,34679,722,0,4,9,0,9,7.883
"1260",2023-11-12,34671,1918,0,4,7,9,11,9.715
"1261",2023-11-13,34555,4174,0,8,13,9.3,28,7.994
"1262",2023-11-14,36429,2067,0,10,12,0.3,25,8.11
"1263",2023-11-15,37489,768,0,6,10,0.2,19,10.513
"1264",2023-11-16,38661,748,0,5,7,1.3,8,11.81
"1265",2023-11-17,36332,969,0,5,8,3.2,11,9.607
"1266",2023-11-18,30314,3235,0,6,13,6.5,22,8.854
"1267",2023-11-19,32015,2778,0,9,12,1.2,27,6.974
"1268",2023-11-20,35763,2629,0,8,10,3.2,14,9.563
"1269",2023-11-21,38159,1116,0,8,10,0.2,10,9.339
"1270",2023-11-22,35766,3313,0,6,11,0,12,8.833
"1271",2023-11-23,34508,3969,0,9,13,0.3,23,5.545
"1272",2023-11-24,36262,1826,0,3,10,0.4,20,7.908
"1273",2023-11-25,36842,564,0,1,5,0,9,8.822
"1274",2023-11-26,37052,819,0,2,8,4.1,11,9.444
"1275",2023-11-27,38929,2316,0,4,7,4.2,15,9.65
"1276",2023-11-28,41083,1003,0,2,5,0.1,9,11.19
"1277",2023-11-29,41867,756,0,0,4,0.5,7,10.528
"1278",2023-11-30,42189,1054,0,-1,4,0,13,13.572
"1279",2023-12-01,41757,328,0,0,3,0,8,12.057
"1280",2023-12-02,39220,788,0,0,2,0,6,15.191
"1281",2023-12-03,39269,790,0,0,2,16.7,8,10.019
"1282",2023-12-04,41106,2347,0,3,5,24.9,18,9.966
"1283",2023-12-05,42805,637,0,3,4,2.6,15,9.978
"1284",2023-12-06,40836,2600,0,1,4,2.4,11,11.729
"1285",2023-12-07,40251,3554,0,4,8,10.6,26,10.28
"1286",2023-12-08,37169,2645,0,7,9,0.7,23,8.876
"1287",2023-12-09,33328,4110,0,6,11,12.2,28,5.039
"1288",2023-12-10,34881,2707,0,5,9,2.6,19,8.61
"1289",2023-12-11,40046,951,0,7,10,0.2,19,8.15
"1290",2023-12-12,39151,1367,0,5,9,2.4,9,8.159
"1291",2023-12-13,40300,1378,0,2,7,1,17,7.863
"1292",2023-12-14,39530,1525,0,3,8,0.3,10,8.679
"1293",2023-12-15,36012,2702,0,4,8,0,12,7.302
"1294",2023-12-16,32491,3259,0,7,11,0,17,5.839
"1295",2023-12-17,32972,3497,0,7,11,0,23,6.754
"1296",2023-12-18,35853,2865,0,8,12,1,20,6.515
"1297",2023-12-19,36760,3488,0,5,11,12.1,12,6.316
"1298",2023-12-20,34793,4395,0,5,10,0.6,24,3.101
"1299",2023-12-21,33860,4918,0,10,12,1.1,36,4.413
"1300",2023-12-22,32169,3673,0,8,10,2.8,28,5.238
"1301",2023-12-23,29889,4404,0,8,11,1.1,28,3.669
"1302",2023-12-24,27531,5135,0,11,12,1.9,30,0.616
"1303",2023-12-25,22925,3575,0,7,11,4.1,22,3.549
"1304",2023-12-26,29636,636,0,5,7,3.8,16,5.256
"1305",2023-12-27,30413,4571,0,5,11,8.7,30,4.108
"1306",2023-12-28,30857,4687,0,7,10,2.9,36,1.769
"1307",2023-12-29,33199,2543,0,5,7,0.7,30,6.597
"1308",2023-12-30,31767,3453,0,4,10,9,22,5.367
"1309",2023-12-31,30820,2581,0,5,8,8,21,3.202
"1310",2024-01-01,31674,2338,0,4,10,4.7,22,6.22
"1311",2024-01-02,35256,2412,0,8,12,11.9,26,3.971
"1312",2024-01-03,37641,1961,0,8,9,5.5,25,7.816
"1313",2024-01-04,39368,804,0,4,7,0.7,12,7.209
"1314",2024-01-05,38048,1103,0,4,7,0.9,11,7.84
"1315",2024-01-06,36264,927,0,2,6,0,10,7.978
"1316",2024-01-07,38676,737,0,0,3,0.1,11,8.938
"1317",2024-01-08,42138,1912,0,0,3,0,12,8.093
"1318",2024-01-09,42441,2119,0,-1,3,0,21,6.529
"1319",2024-01-10,41723,1798,0,0,4,0,14,8.968
"1320",2024-01-11,40622,1333,0,0,5,0,13,9.258
"1321",2024-01-12,40126,964,0,1,5,0,10,10.677
"1322",2024-01-13,37457,1083,0,1,6,0,11,8.657
"1323",2024-01-14,37587,2104,0,1,5,0.6,11,8.869
"1324",2024-01-15,44055,1399,0,-1,1,0,13,8.361
"1325",2024-01-16,42831,1975,0,-1,2,0,11,8.63
"1326",2024-01-17,44218,1361,0,-2,1,0.8,9,7.464
"1327",2024-01-18,44456,1790,0,-2,2,0,12,8.741
"1328",2024-01-19,40689,2849,0,-2,3,0,13,7.511
"1329",2024-01-20,35097,4713,0,1,5,1.4,26,7.974
"1330",2024-01-21,34134,5309,0,4,12,7.9,34,7.903
"1331",2024-01-22,37387,5013,0,6,12,0.2,35,7.09
"1332",2024-01-23,36661,5501,0,4,12,2.5,26,5.314
"1333",2024-01-24,38893,1858,0,6,11,0.1,26,4.715
"1334",2024-01-25,35721,3774,0,5,11,2,19,6.928
"1335",2024-01-26,36464,2844,0,4,12,2.1,23,5.106
"1336",2024-01-27,34533,2927,0,4,7,0,16,4.724
"1337",2024-01-28,33766,3293,0,4,10,0,17,6.446
"1338",2024-01-29,37765,1409,0,7,12,1.7,15,8.616
"1339",2024-01-30,39162,1477,0,3,11,0.5,17,5.758
"1340",2024-01-31,37378,4036,0,2,10,1.3,21,5.799
"1341",2024-02-01,38213,2754,0,3,7,0,12,5.339
"1342",2024-02-02,34033,4086,0,5,12,0,22,5.091
"1343",2024-02-03,32071,3135,0,10,12,0.4,21,3.264
"1344",2024-02-04,31477,4372,0,7,13,0,25,3.114
"1345",2024-02-05,35316,4302,0,8,11,0,25,5.269
"1346",2024-02-06,37028,2203,0,5,11,13.9,27,5.402
"1347",2024-02-07,40442,591,0,2,5,0.1,6,7.054
"1348",2024-02-08,38346,3658,0,0,2,16.7,20,6.781
"1349",2024-02-09,36825,2657,0,6,10,7.8,17,5.349
"1350",2024-02-10,34858,714,0,4,9,0.4,10,7.105
"1351",2024-02-11,34396,1409,0,3,6,1.1,12,6.252
"1352",2024-02-12,36916,3144,0,2,8,0.4,17,6.282
"1353",2024-02-13,38404,1698,0,3,10,1,19,6.306
"1354",2024-02-14,37352,1431,0,10,12,1.7,17,5.544
"1355",2024-02-15,36378,978,0,11,14,4.2,17,5.587
"1356",2024-02-16,35086,679,0,7,11,1.3,15,6.896
"1357",2024-02-17,31579,3009,0,7,11,4.8,14,6.222
"1358",2024-02-18,32831,1657,0,8,13,1,14,5.17
"1359",2024-02-19,37145,1697,0,7,11,2.5,16,4.569
"1360",2024-02-20,35490,2517,0,6,12,0.2,17,4.799
"1361",2024-02-21,36337,2538,0,8,11,11.1,21,5.049
"1362",2024-02-22,38101,2619,0,2,10,7.4,22,7.048
"1363",2024-02-23,37927,778,0,1,5,4,15,5.874
"1364",2024-02-24,35870,247,0,1,7,0.2,6,7.304
"1365",2024-02-25,35195,2302,0,2,8,0.1,16,6.05
"1366",2024-02-26,40490,1263,0,3,7,0.2,22,5.486
"1367",2024-02-27,39155,1771,0,1,7,0.4,11,5.633
"1368",2024-02-28,37191,3421,0,4,9,3.2,15,6.659
"1369",2024-02-29,37958,1489,0,NA,NA,NA,NA,6.373
"1370",2024-03-01,38032,1672,0,2,6,4.4,23,7.977
"1371",2024-03-02,36457,1478,0,0,6,0.2,10,6.275
"1372",2024-03-03,37439,483,0,1,6,0.1,7,5.941
"1373",2024-03-04,37881,3273,0,2,9,1.6,15,6.54
"1374",2024-03-05,39619,712,0,3,10,0.1,14,6.838
"1375",2024-03-06,38636,1531,0,3,10,0,9,6.975
"1376",2024-03-07,38160,2686,0,3,9,1,16,6.989
"1377",2024-03-08,35657,3645,0,3,8,0,21,7.402
"1378",2024-03-09,33161,3175,0,4,9,0.5,22,6.961
"1379",2024-03-10,34181,2132,0,5,10,4.1,17,6.199
"1380",2024-03-11,39322,631,0,5,8,0.1,10,8.332
"1381",2024-03-12,37266,2403,0,5,10,4.3,14,6.69
"1382",2024-03-13,35578,2979,0,9,13,0.2,24,6.195
"1383",2024-03-14,35727,2638,0,9,11,1.5,23,7.517
"1384",2024-03-15,34554,2014,0,7,11,1.5,24,3.974
"1385",2024-03-16,32697,2702,0,5,11,3.3,13,6.704
"1386",2024-03-17,33050,1409,0,7,14,10.9,15,7.167
"1387",2024-03-18,34781,3006,0,6,13,0.1,16,6.129
"1388",2024-03-19,36236,391,0,9,14,1.6,15,6.635
"1389",2024-03-20,35400,536,0,8,11,9.1,9,8.246
"1390",2024-03-21,33609,3352,0,6,13,0,14,6.167
"1391",2024-03-22,32768,3398,0,4,10,2.3,15,4.001
"1392",2024-03-23,30911,4064,0,3,7,2.7,26,0.37
"1393",2024-03-24,34061,397,0,5,9,0.2,20,3.882
"1394",2024-03-25,36689,1755,0,4,8,4.4,17,7.028
"1395",2024-03-26,36621,1807,0,5,8,4.2,9,6.846
"1396",2024-03-27,36566,1958,0,4,7,4.8,20,6.196
"1397",2024-03-28,34564,3508,0,3,8,4.3,29,7.263
"1398",2024-03-29,31333,1752,0,4,11,4.2,21,8.397
"1399",2024-03-30,30807,808,0,4,12,0.1,9,7.225
"1400",2024-03-31,28138,2062,0,5,13,3.6,18,6.367
"1401",2024-04-01,30007,1431,96,6,12,5.9,10,6.797
"1402",2024-04-02,34136,1298,27,5,13,2.9,11,6.124
"1403",2024-04-03,32849,2750,101,7,12,2.2,18,6.461
"1404",2024-04-04,33245,1746,31,7,14,6.2,14,5.267
"1405",2024-04-05,29611,3145,80,10,15,4.7,26,3.408
"1406",2024-04-06,25920,5033,163,9,16,1.5,29,2.484
"1407",2024-04-07,26645,4322,217,7,13,3,29,1.03
"1408",2024-04-08,32289,1471,55,8,14,2.6,18,5.269
"1409",2024-04-09,31081,4318,437,5,8,11.8,27,1.943
"1410",2024-04-10,31755,4211,62,4,11,2,20,4.799
"1411",2024-04-11,30856,2457,163,11,17,0.1,17,4.731
"1412",2024-04-12,27654,3032,361,10,16,0,21,1.581
"1413",2024-04-13,25146,3936,506,7,16,0.3,21,-0.112
"1414",2024-04-14,26987,3088,447,5,11,0.2,18,0.71
"1415",2024-04-15,30435,4641,574,5,9,5.5,33,1.725
"1416",2024-04-16,31890,2266,569,5,11,0.7,23,5.079
"1417",2024-04-17,32156,1322,578,2,9,2.7,18,7.684
"1418",2024-04-18,31122,3410,213,1,11,0.4,11,5.611
"1419",2024-04-19,30207,1974,639,4,12,1,22,4.394
"1420",2024-04-20,28958,710,695,4,11,0,11,6.927
"1421",2024-04-21,29745,639,712,4,11,0,12,4.611
"1422",2024-04-22,33762,859,257,4,7,4.7,4,7.507
"1423",2024-04-23,32561,1433,637,3,9,0.1,15,6.862
"1424",2024-04-24,32488,985,787,4,10,0.2,11,7.538
"1425",2024-04-25,33963,720,342,2,10,0.2,11,6.91
"1426",2024-04-26,30925,592,479,1,10,0.1,10,6.902
"1427",2024-04-27,29807,1294,373,3,10,0.3,15,8.109
"1428",2024-04-28,28825,1797,991,4,11,15.2,17,5.523
"1429",2024-04-29,29539,3801,477,5,13,1.4,24,5.818
"1430",2024-04-30,29980,1943,513,8,16,0.4,20,5.443
"1431",2024-05-01,30715,872,446,8,16,1.4,11,7.527
"1432",2024-05-02,30158,2155,504,10,16,1.2,18,6.036
"1433",2024-05-03,30211,1393,411,8,10,21,12,7.323
"1434",2024-05-04,26326,509,1008,8,16,0.9,13,7.736
"1435",2024-05-05,26768,404,655,7,16,0.9,5,7.284
"1436",2024-05-06,28566,674,556,8,16,3.2,6,7.416
"1437",2024-05-07,29197,511,1034,9,16,2.9,7,6.541
"1438",2024-05-08,28691,896,1001,9,19,2.5,8,6.464
"1439",2024-05-09,28658,356,1242,10,20,0,4,6.63
"1440",2024-05-10,27162,694,1266,12,20,1.3,7,6.677
"1441",2024-05-11,24061,1220,1133,11,21,0.4,11,4.713
"1442",2024-05-12,25669,1273,1027,11,21,3.4,12,3.321
"1443",2024-05-13,28313,1826,557,11,18,3.7,16,9.171
"1444",2024-05-14,28377,1300,755,11,16,11.8,15,7.689
"1445",2024-05-15,28736,741,1112,11,17,1.8,12,7.908
"1446",2024-05-16,29570,1049,578,9,15,7.9,8,7.552
"1447",2024-05-17,27828,439,1286,11,17,3.6,6,6.49
"1448",2024-05-18,25083,657,1158,11,17,2,11,7.469
"1449",2024-05-19,25044,909,1485,8,20,0,12,7.504
"1450",2024-05-20,27613,924,1496,7,15,0.1,11,8.172
"1451",2024-05-21,30305,492,604,7,14,14.6,8,8.5
"1452",2024-05-22,28401,2887,632,11,17,1.8,11,6.998
"1453",2024-05-23,29008,1838,669,9,10,1.5,21,8.261
"1454",2024-05-24,28201,439,1297,9,14,1.1,8,9.861
"1455",2024-05-25,24855,1017,1129,7,18,0.8,9,6.546
"1456",2024-05-26,24231,1432,1151,9,15,8.9,12,7.497
"1457",2024-05-27,25208,981,1549,8,14,2.5,15,5.719
"1458",2024-05-28,28390,1899,602,7,15,2,15,8.392
"1459",2024-05-29,27854,1573,1087,9,16,1.7,15,6.388
"1460",2024-05-30,26706,2902,817,9,16,4.5,18,7.096
"1461",2024-05-31,26462,1716,1061,9,14,0.3,17,8.354
